osm_id,name,description,category,lat,lon,commune,village,osm_link,gmaps_link,wiki_block,im1_block,im2_block,im3_block,im4_block,im5_block,im6_block
269237763,September 1944,,memorial,49.560696,5.872327,Pétange,Pétange,https://www.openstreetmap.org/node/269237763,https://www.google.com/maps?q=49.5606955 5.8723272,"<div style=""font-size:1em"">Wikipedia: <a href=""https://lb.wikipedia.org/wiki/US-Monument_P%C3%A9iteng"" target=""_blank"" style=""text-decoration:none"">lb</a></div>",,,,,,
3971570673,Memorial 24 Dec. 1944,,memorial,50.07755,6.02292,Wincrange,Maulusmühle,https://www.openstreetmap.org/node/3971570673,https://www.google.com/maps?q=50.0775499 6.0229202,,"<a href='https://upload.wikimedia.org/wikipedia/commons/4/43/Kr%C3%ABschtdag_1944_Monument.jpg' target='_blank' rel='noopener noreferrer'><img src='https://upload.wikimedia.org/wikipedia/commons/4/43/Kr%C3%ABschtdag_1944_Monument.jpg' style='width:100%;display:block'></a><div style='color:#666;font-size:0.8em'><a href=""https://commons.wikimedia.org/wiki/File:Kr%C3%ABschtdag_1944_Monument.jpg"">R2lx</a>, <a href=""https://creativecommons.org/licenses/by-sa/4.0"">CC BY-SA 4.0</a>, via Wikimedia Commons (2021)</div><br>",,,,,
2494827221,11th Tank Battalion Memorial,,memorial,49.572816,6.156823,Hesperange,Hesperange,https://www.openstreetmap.org/node/2494827221,https://www.google.com/maps?q=49.5728164 6.156823,,"<a href='https://upload.wikimedia.org/wikipedia/commons/3/3c/Hesperange_1944_tank_accident_memorial.jpg' target='_blank' rel='noopener noreferrer'><img src='https://upload.wikimedia.org/wikipedia/commons/3/3c/Hesperange_1944_tank_accident_memorial.jpg' style='width:100%;display:block'></a><div style='color:#666;font-size:0.8em'><a href=""https://commons.wikimedia.org/wiki/File:Hesperange_1944_tank_accident_memorial.jpg"">Cayambe</a>, <a href=""https://creativecommons.org/licenses/by-sa/4.0"">CC BY-SA 4.0</a>, via Wikimedia Commons (2017)</div><br>","<a href='https://upload.wikimedia.org/wikipedia/commons/c/ce/U.S.-Monument_bei_der_Br%C3%A9ck_zu_Hesper-101.jpg' target='_blank' rel='noopener noreferrer'><img src='https://upload.wikimedia.org/wikipedia/commons/c/ce/U.S.-Monument_bei_der_Br%C3%A9ck_zu_Hesper-101.jpg' style='width:100%;display:block'></a><div style='color:#666;font-size:0.8em'><a href=""https://commons.wikimedia.org/wiki/File:U.S.-Monument_bei_der_Br%C3%A9ck_zu_Hesper-101.jpg"">Jwh at Wikipedia Luxembourg</a>, <a href=""https://creativecommons.org/licenses/by-sa/3.0/lu/deed.en"">CC BY-SA 3.0 LU</a>, via Wikimedia Commons (2014)</div><br>","<a href='https://upload.wikimedia.org/wikipedia/commons/3/3e/U.S.-Monument_bei_der_Br%C3%A9ck_zu_Hesper-103.jpg' target='_blank' rel='noopener noreferrer'><img src='https://upload.wikimedia.org/wikipedia/commons/3/3e/U.S.-Monument_bei_der_Br%C3%A9ck_zu_Hesper-103.jpg' style='width:100%;display:block'></a><div style='color:#666;font-size:0.8em'><a href=""https://commons.wikimedia.org/wiki/File:U.S.-Monument_bei_der_Br%C3%A9ck_zu_Hesper-103.jpg"">Jwh at Wikipedia Luxembourg</a>, <a href=""https://creativecommons.org/licenses/by-sa/3.0/lu/deed.en"">CC BY-SA 3.0 LU</a>, via Wikimedia Commons (2014)</div><br>",,,
4126454468,Memorial Mett Steffen,,memorial,49.911043,6.151776,Tandel,Brandenbourg,https://www.openstreetmap.org/node/4126454468,https://www.google.com/maps?q=49.9110427 6.1517764,,"<a href='https://upload.wikimedia.org/wikipedia/commons/2/2e/Tandel%2C_plaque_Mett_Steffen_%C3%A0_Brandenbourg_%28Heedebierg%29_%28101%29.jpg' target='_blank' rel='noopener noreferrer'><img src='https://upload.wikimedia.org/wikipedia/commons/2/2e/Tandel%2C_plaque_Mett_Steffen_%C3%A0_Brandenbourg_%28Heedebierg%29_%28101%29.jpg' style='width:100%;display:block'></a><div style='color:#666;font-size:0.8em'><a href=""https://commons.wikimedia.org/wiki/File:Tandel,_plaque_Mett_Steffen_%C3%A0_Brandenbourg_(Heedebierg)_(101).jpg"">GilPe</a>, <a href=""https://creativecommons.org/licenses/by-sa/4.0"">CC BY-SA 4.0</a>, via Wikimedia Commons (2024)</div><br>",,,,,
7836596010,"(104, rue de Fischbach)",,wayside_cross,49.72086,6.124956,Lintgen,Lintgen,https://www.openstreetmap.org/node/7836596010,https://www.google.com/maps?q=49.7208603 6.1249565,,"<a href='https://upload.wikimedia.org/wikipedia/commons/1/18/Wegkreuz_Lintgen_104_rue_de_Fischbach_01.jpg' target='_blank' rel='noopener noreferrer'><img src='https://upload.wikimedia.org/wikipedia/commons/1/18/Wegkreuz_Lintgen_104_rue_de_Fischbach_01.jpg' style='width:100%;display:block'></a><div style='color:#666;font-size:0.8em'><a href=""https://commons.wikimedia.org/wiki/File:Wegkreuz_Lintgen_104_rue_de_Fischbach_01.jpg"">MMFE</a>, <a href=""https://creativecommons.org/licenses/by-sa/4.0"">CC BY-SA 4.0</a>, via Wikimedia Commons (2014)</div><br>","<a href='https://upload.wikimedia.org/wikipedia/commons/5/50/Wegkreuz_Lintgen_104_rue_de_Fischbach_02.jpg' target='_blank' rel='noopener noreferrer'><img src='https://upload.wikimedia.org/wikipedia/commons/5/50/Wegkreuz_Lintgen_104_rue_de_Fischbach_02.jpg' style='width:100%;display:block'></a><div style='color:#666;font-size:0.8em'><a href=""https://commons.wikimedia.org/wiki/File:Wegkreuz_Lintgen_104_rue_de_Fischbach_02.jpg"">MMFE</a>, <a href=""https://creativecommons.org/licenses/by-sa/4.0"">CC BY-SA 4.0</a>, via Wikimedia Commons (2014)</div><br>",,,,
7784552279,(Kräizung: rue d'Ettelbruck - rue de la Gare),,wayside_cross,49.758157,6.114665,Mersch,Beringen,https://www.openstreetmap.org/node/7784552279,https://www.google.com/maps?q=49.7581566 6.1146652,,"<a href='https://upload.wikimedia.org/wikipedia/commons/0/01/Wegkapelle_Beringen%2C_rue_d%27Ettelbruck_01.jpg' target='_blank' rel='noopener noreferrer'><img src='https://upload.wikimedia.org/wikipedia/commons/0/01/Wegkapelle_Beringen%2C_rue_d%27Ettelbruck_01.jpg' style='width:100%;display:block'></a><div style='color:#666;font-size:0.8em'><a href=""https://commons.wikimedia.org/wiki/File:Wegkapelle_Beringen,_rue_d%27Ettelbruck_01.jpg"">MMFE</a>, <a href=""https://creativecommons.org/licenses/by-sa/3.0"">CC BY-SA 3.0</a>, via Wikimedia Commons (2014)</div><br>","<a href='https://upload.wikimedia.org/wikipedia/commons/6/6d/Wegkapelle_Beringen%2C_rue_d%27Ettelbruck_02.jpg' target='_blank' rel='noopener noreferrer'><img src='https://upload.wikimedia.org/wikipedia/commons/6/6d/Wegkapelle_Beringen%2C_rue_d%27Ettelbruck_02.jpg' style='width:100%;display:block'></a><div style='color:#666;font-size:0.8em'><a href=""https://commons.wikimedia.org/wiki/File:Wegkapelle_Beringen,_rue_d%27Ettelbruck_02.jpg"">MMFE</a>, <a href=""https://creativecommons.org/licenses/by-sa/3.0"">CC BY-SA 3.0</a>, via Wikimedia Commons (2014)</div><br>",,,,
1271818178,(Rue de Colmar),,wayside_chapel,49.789436,6.063887,Bissen,Bissen,https://www.openstreetmap.org/way/1271818178,https://www.google.com/maps?q=49.7894359 6.063887,,"<a href='https://upload.wikimedia.org/wikipedia/commons/5/55/Wegkapelle_Bissen%2C_route_de_Colmar_-_rue_de_la_Chapelle_01.jpg' target='_blank' rel='noopener noreferrer'><img src='https://upload.wikimedia.org/wikipedia/commons/5/55/Wegkapelle_Bissen%2C_route_de_Colmar_-_rue_de_la_Chapelle_01.jpg' style='width:100%;display:block'></a><div style='color:#666;font-size:0.8em'><a href=""https://commons.wikimedia.org/wiki/File:Wegkapelle_Bissen,_route_de_Colmar_-_rue_de_la_Chapelle_01.jpg"">MMFE</a>, <a href=""https://creativecommons.org/licenses/by-sa/3.0"">CC BY-SA 3.0</a>, via Wikimedia Commons (2015)</div><br>","<a href='https://upload.wikimedia.org/wikipedia/commons/b/b5/Wegkapelle_Bissen%2C_route_de_Colmar_-_rue_de_la_Chapelle_02.jpg' target='_blank' rel='noopener noreferrer'><img src='https://upload.wikimedia.org/wikipedia/commons/b/b5/Wegkapelle_Bissen%2C_route_de_Colmar_-_rue_de_la_Chapelle_02.jpg' style='width:100%;display:block'></a><div style='color:#666;font-size:0.8em'><a href=""https://commons.wikimedia.org/wiki/File:Wegkapelle_Bissen,_route_de_Colmar_-_rue_de_la_Chapelle_02.jpg"">MMFE</a>, <a href=""https://creativecommons.org/licenses/by-sa/3.0"">CC BY-SA 3.0</a>, via Wikimedia Commons (2015)</div><br>",,,,
4881799315,(Rue du château),,wayside_chapel,49.76965,6.109132,Mersch,Pettingen,https://www.openstreetmap.org/node/4881799315,https://www.google.com/maps?q=49.7696496 6.1091324,,"<a href='https://upload.wikimedia.org/wikipedia/commons/c/ca/12%2C_rue_de_Ch%C3%A2teau%2C_Pettingen%2C_Wayside_chapel_2023-04_---3.jpg' target='_blank' rel='noopener noreferrer'><img src='https://upload.wikimedia.org/wikipedia/commons/c/ca/12%2C_rue_de_Ch%C3%A2teau%2C_Pettingen%2C_Wayside_chapel_2023-04_---3.jpg' style='width:100%;display:block'></a><div style='color:#666;font-size:0.8em'><a href=""https://commons.wikimedia.org/wiki/File:12,_rue_de_Ch%C3%A2teau,_Pettingen,_Wayside_chapel_2023-04_---3.jpg"">Zinneke</a>, <a href=""https://creativecommons.org/licenses/by-sa/4.0"">CC BY-SA 4.0</a>, via Wikimedia Commons (2024)</div><br>","<a href='https://upload.wikimedia.org/wikipedia/commons/2/23/12%2C_rue_de_Ch%C3%A2teau%2C_Pettingen%2C_Wayside_chapel_2023-04_---1.jpg' target='_blank' rel='noopener noreferrer'><img src='https://upload.wikimedia.org/wikipedia/commons/2/23/12%2C_rue_de_Ch%C3%A2teau%2C_Pettingen%2C_Wayside_chapel_2023-04_---1.jpg' style='width:100%;display:block'></a><div style='color:#666;font-size:0.8em'><a href=""https://commons.wikimedia.org/wiki/File:12,_rue_de_Ch%C3%A2teau,_Pettingen,_Wayside_chapel_2023-04_---1.jpg"">Zinneke</a>, <a href=""https://creativecommons.org/licenses/by-sa/4.0"">CC BY-SA 4.0</a>, via Wikimedia Commons (2024)</div><br>",,,,
4881627273,(Rue Nicolas Welter),,wayside_chapel,49.742161,6.095083,Mersch,Mersch,https://www.openstreetmap.org/node/4881627273,https://www.google.com/maps?q=49.7421609 6.0950833,,"<a href='https://upload.wikimedia.org/wikipedia/commons/a/aa/Wegkapelle_Mersch_rue_Nicolas_Welter_-_rue_de_la_Chapelle_01.jpg' target='_blank' rel='noopener noreferrer'><img src='https://upload.wikimedia.org/wikipedia/commons/a/aa/Wegkapelle_Mersch_rue_Nicolas_Welter_-_rue_de_la_Chapelle_01.jpg' style='width:100%;display:block'></a><div style='color:#666;font-size:0.8em'><a href=""https://commons.wikimedia.org/wiki/File:Wegkapelle_Mersch_rue_Nicolas_Welter_-_rue_de_la_Chapelle_01.jpg"">MMFE</a>, <a href=""https://creativecommons.org/licenses/by-sa/4.0"">CC BY-SA 4.0</a>, via Wikimedia Commons (2016)</div><br>","<a href='https://upload.wikimedia.org/wikipedia/commons/e/ec/Wegkapelle_Mersch_rue_Nicolas_Welter_-_rue_de_la_Chapelle_02.jpg' target='_blank' rel='noopener noreferrer'><img src='https://upload.wikimedia.org/wikipedia/commons/e/ec/Wegkapelle_Mersch_rue_Nicolas_Welter_-_rue_de_la_Chapelle_02.jpg' style='width:100%;display:block'></a><div style='color:#666;font-size:0.8em'><a href=""https://commons.wikimedia.org/wiki/File:Wegkapelle_Mersch_rue_Nicolas_Welter_-_rue_de_la_Chapelle_02.jpg"">MMFE</a>, <a href=""https://creativecommons.org/licenses/by-sa/4.0"">CC BY-SA 4.0</a>, via Wikimedia Commons (2014)</div><br>",,,,
5009395439,Memorial Spahis algériens,,memorial,49.557414,5.924114,Sanem,Bascharage,https://www.openstreetmap.org/node/5009395439,https://www.google.com/maps?q=49.5574138 5.9241139,,"<a href='https://upload.wikimedia.org/wikipedia/commons/c/c3/K%C3%A4erjeng%2C_Monument_6e_r%C3%A9giment_de_spahis_alg%C3%A9riens_%28102%29.jpg' target='_blank' rel='noopener noreferrer'><img src='https://upload.wikimedia.org/wikipedia/commons/c/c3/K%C3%A4erjeng%2C_Monument_6e_r%C3%A9giment_de_spahis_alg%C3%A9riens_%28102%29.jpg' style='width:100%;display:block'></a><div style='color:#666;font-size:0.8em'><a href=""https://commons.wikimedia.org/wiki/File:K%C3%A4erjeng,_Monument_6e_r%C3%A9giment_de_spahis_alg%C3%A9riens_(102).jpg"">GilPe</a>, <a href=""https://creativecommons.org/licenses/by-sa/4.0"">CC BY-SA 4.0</a>, via Wikimedia Commons (2025)</div><br>","<a href='https://upload.wikimedia.org/wikipedia/commons/a/a8/Plack_Spahis_Bascharage.jpg' target='_blank' rel='noopener noreferrer'><img src='https://upload.wikimedia.org/wikipedia/commons/a/a8/Plack_Spahis_Bascharage.jpg' style='width:100%;display:block'></a><div style='color:#666;font-size:0.8em'><a href=""https://commons.wikimedia.org/wiki/File:Plack_Spahis_Bascharage.jpg"">Les Meloures</a>, <a href=""https://creativecommons.org/licenses/by-sa/4.0"">CC BY-SA 4.0</a>, via Wikimedia Commons (2009)</div><br>",,,,
8718904042,150 Joer Onofhängegkeet,,memorial,50.145859,5.982273,Troisvierges,Basbellain,https://www.openstreetmap.org/node/8718904042,https://www.google.com/maps?q=50.1458588 5.9822729,,"<a href='https://upload.wikimedia.org/wikipedia/commons/7/78/150_Joer_Onafh%C3%A4nigigkeet%2C_Kierchen.jpg' target='_blank' rel='noopener noreferrer'><img src='https://upload.wikimedia.org/wikipedia/commons/7/78/150_Joer_Onafh%C3%A4nigigkeet%2C_Kierchen.jpg' style='width:100%;display:block'></a><div style='color:#666;font-size:0.8em'><a href=""https://commons.wikimedia.org/wiki/File:150_Joer_Onafh%C3%A4nigigkeet,_Kierchen.jpg"">Jwh at Wikipedia Luxembourg</a>, <a href=""https://creativecommons.org/licenses/by-sa/3.0/lu/deed.en"">CC BY-SA 3.0 LU</a>, via Wikimedia Commons (2016)</div><br>",,,,,
7834521150,100 Joër Eisebaan,,memorial,50.119035,5.991908,Troisvierges,Troisvierges,https://www.openstreetmap.org/node/7834521150,https://www.google.com/maps?q=50.1190347 5.9919077,,"<a href='https://upload.wikimedia.org/wikipedia/commons/8/82/Troisvierges_train_station_photo_3.jpg' target='_blank' rel='noopener noreferrer'><img src='https://upload.wikimedia.org/wikipedia/commons/8/82/Troisvierges_train_station_photo_3.jpg' style='width:100%;display:block'></a><div style='color:#666;font-size:0.8em'><a href=""https://commons.wikimedia.org/wiki/File:Troisvierges_train_station_photo_3.jpg"">Alf van Beem</a>, CC0, via Wikimedia Commons (2022)</div><br>",,,,,
3434822898,Memorial 109th Infantry Regiment,,memorial,49.880366,6.25613,Reisdorf,Hoesdorf,https://www.openstreetmap.org/node/3434822898,https://www.google.com/maps?q=49.8803665 6.2561296,,"<a href='https://upload.wikimedia.org/wikipedia/commons/8/88/Reisdorf%2C_Hoesdorf_monument_Bataille_des_Ardennes_%28101%29.jpg' target='_blank' rel='noopener noreferrer'><img src='https://upload.wikimedia.org/wikipedia/commons/8/88/Reisdorf%2C_Hoesdorf_monument_Bataille_des_Ardennes_%28101%29.jpg' style='width:100%;display:block'></a><div style='color:#666;font-size:0.8em'><a href=""https://commons.wikimedia.org/wiki/File:Reisdorf,_Hoesdorf_monument_Bataille_des_Ardennes_(101).jpg"">GilPe</a>, <a href=""https://creativecommons.org/licenses/by-sa/3.0"">CC BY-SA 3.0</a>, via Wikimedia Commons (2021)</div><br>","<a href='https://upload.wikimedia.org/wikipedia/commons/a/a8/Reisdorf%2C_Hoesdorf_monument_Bataille_des_Ardennes_%28102%29.jpg' target='_blank' rel='noopener noreferrer'><img src='https://upload.wikimedia.org/wikipedia/commons/a/a8/Reisdorf%2C_Hoesdorf_monument_Bataille_des_Ardennes_%28102%29.jpg' style='width:100%;display:block'></a><div style='color:#666;font-size:0.8em'><a href=""https://commons.wikimedia.org/wiki/File:Reisdorf,_Hoesdorf_monument_Bataille_des_Ardennes_(102).jpg"">GilPe</a>, <a href=""https://creativecommons.org/licenses/by-sa/3.0"">CC BY-SA 3.0</a>, via Wikimedia Commons (2021)</div><br>","<a href='https://upload.wikimedia.org/wikipedia/commons/6/69/Reisdorf%2C_Hoesdorf_monument_Bataille_des_Ardennes_%28103%29.jpg' target='_blank' rel='noopener noreferrer'><img src='https://upload.wikimedia.org/wikipedia/commons/6/69/Reisdorf%2C_Hoesdorf_monument_Bataille_des_Ardennes_%28103%29.jpg' style='width:100%;display:block'></a><div style='color:#666;font-size:0.8em'><a href=""https://commons.wikimedia.org/wiki/File:Reisdorf,_Hoesdorf_monument_Bataille_des_Ardennes_(103).jpg"">GilPe</a>, <a href=""https://creativecommons.org/licenses/by-sa/3.0"">CC BY-SA 3.0</a>, via Wikimedia Commons (2021)</div><br>",,,
6001736109,150 Joër Onofhängegkeet,,memorial,49.644014,5.915274,Steinfort,Kleinbettingen,https://www.openstreetmap.org/node/6001736109,https://www.google.com/maps?q=49.6440144 5.9152745,,"<a href='https://upload.wikimedia.org/wikipedia/commons/2/22/Kleinbettingen_1939_Memorial_det.jpg' target='_blank' rel='noopener noreferrer'><img src='https://upload.wikimedia.org/wikipedia/commons/2/22/Kleinbettingen_1939_Memorial_det.jpg' style='width:100%;display:block'></a><div style='color:#666;font-size:0.8em'><a href=""https://commons.wikimedia.org/wiki/File:Kleinbettingen_1939_Memorial_det.jpg"">Cayambe</a>, <a href=""https://creativecommons.org/licenses/by-sa/3.0"">CC BY-SA 3.0</a>, via Wikimedia Commons (2011)</div><br>",,,,,
11358425732,150 Joer frei Letzeburg - 25 Joer Grossherzog Jean,,memorial,50.06188,5.954564,Wincrange,Doennange,https://www.openstreetmap.org/node/11358425732,https://www.google.com/maps?q=50.0618802 5.9545644,,"<a href='https://upload.wikimedia.org/wikipedia/commons/1/1c/150_Joer_frei_Letzeburg_-_25_Joer_Grossherzog_Jean%2C_Di%C3%A4njen-101.jpg' target='_blank' rel='noopener noreferrer'><img src='https://upload.wikimedia.org/wikipedia/commons/1/1c/150_Joer_frei_Letzeburg_-_25_Joer_Grossherzog_Jean%2C_Di%C3%A4njen-101.jpg' style='width:100%;display:block'></a><div style='color:#666;font-size:0.8em'><a href=""https://commons.wikimedia.org/wiki/File:150_Joer_frei_Letzeburg_-_25_Joer_Grossherzog_Jean,_Di%C3%A4njen-101.jpg"">Jwh at Wikipedia Luxembourg</a>, <a href=""https://creativecommons.org/licenses/by-sa/3.0/lu/deed.en"">CC BY-SA 3.0 LU</a>, via Wikimedia Commons (2019)</div><br>",,,,,
11287303184,150 Joer Colmer Musek,,memorial,49.810502,6.092486,Colmar-Berg,Colmar,https://www.openstreetmap.org/node/11287303184,https://www.google.com/maps?q=49.8105021 6.0924861,,,,,,,
307938333,150 Joer Onofhängegkeet,,memorial,50.163721,6.0145,Troisvierges,Huldange,https://www.openstreetmap.org/node/307938333,https://www.google.com/maps?q=50.1637209 6.0144999,,,,,,,
306394367,150 Joer Onofhängegkeet,,memorial,50.147692,6.011911,Troisvierges,Goedange,https://www.openstreetmap.org/node/306394367,https://www.google.com/maps?q=50.1476918 6.0119109,,,,,,,
7857564994,150 Joer Onofhängegkeet,,memorial,49.810813,6.212238,Vallée de l'Ernz,Medernach,https://www.openstreetmap.org/node/7857564994,https://www.google.com/maps?q=49.8108133 6.2122385,,,,,,,
9634966146,150 Joer Onofhängegkeet,,memorial,49.78763,6.066204,Bissen,Bissen,https://www.openstreetmap.org/node/9634966146,https://www.google.com/maps?q=49.7876301 6.0662037,,,,,,,
10229595584,150 Joer Onofhängegkeet,,memorial,49.727179,5.984912,Saeul,Saeul,https://www.openstreetmap.org/node/10229595584,https://www.google.com/maps?q=49.727179 5.9849119,,"<a href='https://upload.wikimedia.org/wikipedia/commons/e/ed/S%C3%ABll%2C_150_Joer_Onofh%C3%A4ngegkeet.jpg' target='_blank' rel='noopener noreferrer'><img src='https://upload.wikimedia.org/wikipedia/commons/e/ed/S%C3%ABll%2C_150_Joer_Onofh%C3%A4ngegkeet.jpg' style='width:100%;display:block'></a><div style='color:#666;font-size:0.8em'><a href=""https://commons.wikimedia.org/wiki/File:S%C3%ABll,_150_Joer_Onofh%C3%A4ngegkeet.jpg"">Jwh at Wikipedia Luxembourg</a>, <a href=""https://creativecommons.org/licenses/by-sa/3.0/lu/deed.en"">CC BY-SA 3.0 LU</a>, via Wikimedia Commons (2016)</div><br>",,,,,
8732317756,150 Joer Onofhängegkeet,,memorial,50.116857,5.979463,Troisvierges,Biwisch,https://www.openstreetmap.org/node/8732317756,https://www.google.com/maps?q=50.1168566 5.979463,,<a href='https://upload.wikimedia.org/wikipedia/commons/f/f7/Biwisch_150_Joer_Onafh%C3%A4ngigkeet_1989.jpg' target='_blank' rel='noopener noreferrer'><img src='https://upload.wikimedia.org/wikipedia/commons/f/f7/Biwisch_150_Joer_Onafh%C3%A4ngigkeet_1989.jpg' style='width:100%;display:block'></a><div style='color:#666;font-size:0.8em'>https://upload.wikimedia.org/wikipedia/commons/f/f7/Biwisch_150_Joer_Onafh%C3%A4ngigkeet_1989.jpg (2021)</div><br>,,,,,
8730335331,150 Joer Onofhängegkeet,,memorial,49.984584,6.072464,Parc Hosingen,Holzthum,https://www.openstreetmap.org/node/8730335331,https://www.google.com/maps?q=49.9845844 6.0724635,,"<a href='https://upload.wikimedia.org/wikipedia/commons/3/35/Holztem_150_Joer.jpg' target='_blank' rel='noopener noreferrer'><img src='https://upload.wikimedia.org/wikipedia/commons/3/35/Holztem_150_Joer.jpg' style='width:100%;display:block'></a><div style='color:#666;font-size:0.8em'><a href=""https://commons.wikimedia.org/wiki/File:Holztem_150_Joer.jpg"">Jwh at Wikipedia Luxembourg</a>, <a href=""https://creativecommons.org/licenses/by-sa/3.0/lu/deed.en"">CC BY-SA 3.0 LU</a>, via Wikimedia Commons (2014)</div><br>",,,,,
1662678186,Onofhängegkeet 1839-1939,,memorial,49.966869,5.933269,Wiltz,Wiltz,https://www.openstreetmap.org/node/1662678186,https://www.google.com/maps?q=49.9668692 5.9332688,,,,,,,
1827616245,Onofhängegkeet 1839-1939,,memorial,49.622793,6.123865,Luxembourg,Limpertsberg,https://www.openstreetmap.org/node/1827616245,https://www.google.com/maps?q=49.6227932 6.1238648,,,,,,,
11134853193,1839-1989,,memorial,49.795489,5.938695,Préizerdaul,Bettborn,https://www.openstreetmap.org/node/11134853193,https://www.google.com/maps?q=49.7954888 5.9386951,,"<a href='https://upload.wikimedia.org/wikipedia/commons/c/cf/Biebereg_150_Joer_Onofh%C3%A4ngegkeetsplaz.jpg' target='_blank' rel='noopener noreferrer'><img src='https://upload.wikimedia.org/wikipedia/commons/c/cf/Biebereg_150_Joer_Onofh%C3%A4ngegkeetsplaz.jpg' style='width:100%;display:block'></a><div style='color:#666;font-size:0.8em'><a href=""https://commons.wikimedia.org/wiki/File:Biebereg_150_Joer_Onofh%C3%A4ngegkeetsplaz.jpg"">R2lx</a>, <a href=""https://creativecommons.org/licenses/by-sa/4.0"">CC BY-SA 4.0</a>, via Wikimedia Commons (2021)</div><br>",,,,,
11123686644,Halifax Bomber Memorial,,memorial,49.82969,5.847948,Rambrouch,Rambrouch,https://www.openstreetmap.org/node/11123686644,https://www.google.com/maps?q=49.8296904 5.8479479,,"<a href='https://upload.wikimedia.org/wikipedia/commons/0/07/Rammerech_Halifax_Bomber_Crash.jpg' target='_blank' rel='noopener noreferrer'><img src='https://upload.wikimedia.org/wikipedia/commons/0/07/Rammerech_Halifax_Bomber_Crash.jpg' style='width:100%;display:block'></a><div style='color:#666;font-size:0.8em'><a href=""https://commons.wikimedia.org/wiki/File:Rammerech_Halifax_Bomber_Crash.jpg"">R2lx</a>, <a href=""https://creativecommons.org/licenses/by-sa/4.0"">CC BY-SA 4.0</a>, via Wikimedia Commons (2021)</div><br>",,,,,
12580169564,27th December 1944,,memorial,49.909328,5.8762,Esch-sur-Sûre,Liefrange,https://www.openstreetmap.org/node/12580169564,https://www.google.com/maps?q=49.9093285 5.8762004,,"<a href='https://upload.wikimedia.org/wikipedia/commons/1/10/Liefrange_%E2%80%93_Plaque_Battle_of_the_Bulge_1944.jpg' target='_blank' rel='noopener noreferrer'><img src='https://upload.wikimedia.org/wikipedia/commons/1/10/Liefrange_%E2%80%93_Plaque_Battle_of_the_Bulge_1944.jpg' style='width:100%;display:block'></a><div style='color:#666;font-size:0.8em'><a href=""https://commons.wikimedia.org/wiki/File:Liefrange_%E2%80%93_Plaque_Battle_of_the_Bulge_1944.jpg"">Cayambe</a>, <a href=""https://creativecommons.org/licenses/by-sa/4.0"">CC BY-SA 4.0</a>, via Wikimedia Commons (2017)</div><br>",,,,,
847318737,28th US-Infantry-Division-Monument,,memorial,49.966493,5.937544,Wiltz,Wiltz,https://www.openstreetmap.org/node/847318737,https://www.google.com/maps?q=49.9664933 5.9375441,"<div style=""font-size:1em"">Wikipedia: <a href=""https://lb.wikipedia.org/wiki/Monument_28th_Infantry_Division_Wolz"" target=""_blank"" style=""text-decoration:none"">lb</a></div>","<a href='https://upload.wikimedia.org/wikipedia/commons/2/28/Monument_28th_Infantry_Division_Wiltz.JPG' target='_blank' rel='noopener noreferrer'><img src='https://upload.wikimedia.org/wikipedia/commons/2/28/Monument_28th_Infantry_Division_Wiltz.JPG' style='width:100%;display:block'></a><div style='color:#666;font-size:0.8em'><a href=""https://commons.wikimedia.org/wiki/File:Monument_28th_Infantry_Division_Wiltz.JPG"">Zinneke</a>, <a href=""https://creativecommons.org/licenses/by-sa/3.0"">CC BY-SA 3.0</a>, via Wikimedia Commons (2012)</div><br>",,,,,
7780776502,5th Infantry Division Square (Liberationsplaaz),,memorial,49.945854,6.079796,Bourscheid,Hoscheid,https://www.openstreetmap.org/node/7780776502,https://www.google.com/maps?q=49.9458539 6.079796,,"<a href='https://upload.wikimedia.org/wikipedia/commons/2/2b/US_memorial_Hoscheid_01.jpg' target='_blank' rel='noopener noreferrer'><img src='https://upload.wikimedia.org/wikipedia/commons/2/2b/US_memorial_Hoscheid_01.jpg' style='width:100%;display:block'></a><div style='color:#666;font-size:0.8em'><a href=""https://commons.wikimedia.org/wiki/File:US_memorial_Hoscheid_01.jpg"">MMFE</a>, <a href=""https://creativecommons.org/licenses/by-sa/3.0"">CC BY-SA 3.0</a>, via Wikimedia Commons (2015)</div><br>","<a href='https://upload.wikimedia.org/wikipedia/commons/7/75/US_memorial_Hoscheid_02.jpg' target='_blank' rel='noopener noreferrer'><img src='https://upload.wikimedia.org/wikipedia/commons/7/75/US_memorial_Hoscheid_02.jpg' style='width:100%;display:block'></a><div style='color:#666;font-size:0.8em'><a href=""https://commons.wikimedia.org/wiki/File:US_memorial_Hoscheid_02.jpg"">MMFE</a>, <a href=""https://creativecommons.org/licenses/by-sa/3.0"">CC BY-SA 3.0</a>, via Wikimedia Commons (2015)</div><br>",,,,
3667264704,5th U.S. Infantry Division Memorial,,memorial,49.833698,6.383431,Berdorf,Weilerbach,https://www.openstreetmap.org/node/3667264704,https://www.google.com/maps?q=49.8336976 6.3834308,,"<a href='https://upload.wikimedia.org/wikipedia/commons/e/ed/5th_Infantry_Division_Memorial%2C_Weilerbaach-101.jpg' target='_blank' rel='noopener noreferrer'><img src='https://upload.wikimedia.org/wikipedia/commons/e/ed/5th_Infantry_Division_Memorial%2C_Weilerbaach-101.jpg' style='width:100%;display:block'></a><div style='color:#666;font-size:0.8em'><a href=""https://commons.wikimedia.org/wiki/File:5th_Infantry_Division_Memorial,_Weilerbaach-101.jpg"">Jwh at Wikipedia Luxembourg</a>, <a href=""https://creativecommons.org/licenses/by-sa/3.0/lu/deed.en"">CC BY-SA 3.0 LU</a>, via Wikimedia Commons (2018)</div><br>","<a href='https://upload.wikimedia.org/wikipedia/commons/1/19/5th_Infantry_Division_Memorial%2C_Weilerbaach-102.jpg' target='_blank' rel='noopener noreferrer'><img src='https://upload.wikimedia.org/wikipedia/commons/1/19/5th_Infantry_Division_Memorial%2C_Weilerbaach-102.jpg' style='width:100%;display:block'></a><div style='color:#666;font-size:0.8em'><a href=""https://commons.wikimedia.org/wiki/File:5th_Infantry_Division_Memorial,_Weilerbaach-102.jpg"">Jwh at Wikipedia Luxembourg</a>, <a href=""https://creativecommons.org/licenses/by-sa/3.0/lu/deed.en"">CC BY-SA 3.0 LU</a>, via Wikimedia Commons (2018)</div><br>",,,,
12626482429,5th U.S. Armored Division Memorial,,memorial,49.596288,6.043662,Bertrange,Bertrange,https://www.openstreetmap.org/node/12626482429,https://www.google.com/maps?q=49.596288 6.043662,,"<a href='https://upload.wikimedia.org/wikipedia/commons/0/0e/U.S._Monument_Bartreng.jpg' target='_blank' rel='noopener noreferrer'><img src='https://upload.wikimedia.org/wikipedia/commons/0/0e/U.S._Monument_Bartreng.jpg' style='width:100%;display:block'></a><div style='color:#666;font-size:0.8em'><a href=""https://commons.wikimedia.org/wiki/File:U.S._Monument_Bartreng.jpg"">Les Meloures</a>, <a href=""https://creativecommons.org/licenses/by-sa/4.0"">CC BY-SA 4.0</a>, via Wikimedia Commons (2015)</div><br>",,,,,
848266792,U.S. Memorial,,memorial,50.054136,6.062456,Parc Hosingen,Munshausen,https://www.openstreetmap.org/node/848266792,https://www.google.com/maps?q=50.0541357 6.062456,,"<a href='https://upload.wikimedia.org/wikipedia/commons/c/c2/Memorial_Maarnech-001.JPG' target='_blank' rel='noopener noreferrer'><img src='https://upload.wikimedia.org/wikipedia/commons/c/c2/Memorial_Maarnech-001.JPG' style='width:100%;display:block'></a><div style='color:#666;font-size:0.8em'><a href=""https://commons.wikimedia.org/wiki/File:Memorial_Maarnech-001.JPG"">Jwh</a>, <a href=""https://creativecommons.org/licenses/by-sa/3.0/lu/deed.en"">CC BY-SA 3.0 LU</a>, via Wikimedia Commons (2012)</div><br>","<a href='https://upload.wikimedia.org/wikipedia/commons/1/1b/Memorial_Maarnech-002.JPG' target='_blank' rel='noopener noreferrer'><img src='https://upload.wikimedia.org/wikipedia/commons/1/1b/Memorial_Maarnech-002.JPG' style='width:100%;display:block'></a><div style='color:#666;font-size:0.8em'><a href=""https://commons.wikimedia.org/wiki/File:Memorial_Maarnech-002.JPG"">Jwh</a>, <a href=""https://creativecommons.org/licenses/by-sa/3.0/lu/deed.en"">CC BY-SA 3.0 LU</a>, via Wikimedia Commons (2012)</div><br>","<a href='https://upload.wikimedia.org/wikipedia/commons/c/ce/Memorial_Maarnech-003.JPG' target='_blank' rel='noopener noreferrer'><img src='https://upload.wikimedia.org/wikipedia/commons/c/ce/Memorial_Maarnech-003.JPG' style='width:100%;display:block'></a><div style='color:#666;font-size:0.8em'><a href=""https://commons.wikimedia.org/wiki/File:Memorial_Maarnech-003.JPG"">Jwh</a>, <a href=""https://creativecommons.org/licenses/by-sa/3.0/lu/deed.en"">CC BY-SA 3.0 LU</a>, via Wikimedia Commons (2012)</div><br>",,,
9549179053,À nos morts 1940-1945,,memorial,49.606995,6.13764,Luxembourg,Grund,https://www.openstreetmap.org/node/9549179053,https://www.google.com/maps?q=49.6069954 6.1376399,,"<a href='https://upload.wikimedia.org/wikipedia/commons/d/dd/Memorial_Grund_-_A_NOS_MORTS_1940-1945_20211020_080253.jpg' target='_blank' rel='noopener noreferrer'><img src='https://upload.wikimedia.org/wikipedia/commons/d/dd/Memorial_Grund_-_A_NOS_MORTS_1940-1945_20211020_080253.jpg' style='width:100%;display:block'></a><div style='color:#666;font-size:0.8em'><a href=""https://commons.wikimedia.org/wiki/File:Memorial_Grund_-_A_NOS_MORTS_1940-1945_20211020_080253.jpg"">Paul Braun</a>, CC0, via Wikimedia Commons (2021)</div><br>","<a href='https://upload.wikimedia.org/wikipedia/commons/6/61/Memorial_Grund_-_A_NOS_MORTS_1940-1945_20211020_080309.jpg' target='_blank' rel='noopener noreferrer'><img src='https://upload.wikimedia.org/wikipedia/commons/6/61/Memorial_Grund_-_A_NOS_MORTS_1940-1945_20211020_080309.jpg' style='width:100%;display:block'></a><div style='color:#666;font-size:0.8em'><a href=""https://commons.wikimedia.org/wiki/File:Memorial_Grund_-_A_NOS_MORTS_1940-1945_20211020_080309.jpg"">Paul Braun</a>, CC0, via Wikimedia Commons (2021)</div><br>",,,,
5875611588,Am Schützenkreuz,,memorial,49.50888,6.054326,Bettembourg,Noertzange,https://www.openstreetmap.org/node/5875611588,https://www.google.com/maps?q=49.5088802 6.0543262,,,,,,,
8931960246,Befreiungsmonument Dikrech,,memorial,49.865111,6.158558,Diekirch,Diekirch,https://www.openstreetmap.org/node/8931960246,https://www.google.com/maps?q=49.8651108 6.1585578,"<div style=""font-size:1em"">Wikipedia: <a href=""https://lb.wikipedia.org/wiki/Befreiungsmonument_Dikrech"" target=""_blank"" style=""text-decoration:none"">lb</a></div>","<a href='https://upload.wikimedia.org/wikipedia/commons/f/f7/Dikrech_%28Monument_Befreiung_44%29.jpg' target='_blank' rel='noopener noreferrer'><img src='https://upload.wikimedia.org/wikipedia/commons/f/f7/Dikrech_%28Monument_Befreiung_44%29.jpg' style='width:100%;display:block'></a><div style='color:#666;font-size:0.8em'><a href=""https://commons.wikimedia.org/wiki/File:Dikrech_(Monument_Befreiung_44).jpg"">Otets at Luxembourgish Wikipedia</a>, <a href=""https://creativecommons.org/licenses/by-sa/3.0/lu/deed.en"">CC BY-SA 3.0 LU</a>, via Wikimedia Commons (2011)</div><br>",,,,,
1677385147,Biirgerkraiz,,wayside_cross,49.67922,6.205591,Niederanven,Heisdorf,https://www.openstreetmap.org/node/1677385147,https://www.google.com/maps?q=49.6792199 6.2055908,"<div style=""font-size:1em"">Wikipedia: <a href=""https://lb.wikipedia.org/wiki/Biergerkr%C3%A4iz_(Gr%C3%A9ngewald)"" target=""_blank"" style=""text-decoration:none"">lb</a></div>","<a href='https://upload.wikimedia.org/wikipedia/commons/9/95/Heisdorf%2C_Gr%C3%BCnewald%2C_Biergerkr%C3%A4iz_%28102%29.jpg' target='_blank' rel='noopener noreferrer'><img src='https://upload.wikimedia.org/wikipedia/commons/9/95/Heisdorf%2C_Gr%C3%BCnewald%2C_Biergerkr%C3%A4iz_%28102%29.jpg' style='width:100%;display:block'></a><div style='color:#666;font-size:0.8em'><a href=""https://commons.wikimedia.org/wiki/File:Heisdorf,_Gr%C3%BCnewald,_Biergerkr%C3%A4iz_(102).jpg"">GilPe</a>, <a href=""https://creativecommons.org/licenses/by-sa/3.0"">CC BY-SA 3.0</a>, via Wikimedia Commons (2018)</div><br>","<a href='https://upload.wikimedia.org/wikipedia/commons/1/14/Heisdorf%2C_Gr%C3%BCnewald%2C_Biergerkr%C3%A4iz_%28101%29.jpg' target='_blank' rel='noopener noreferrer'><img src='https://upload.wikimedia.org/wikipedia/commons/1/14/Heisdorf%2C_Gr%C3%BCnewald%2C_Biergerkr%C3%A4iz_%28101%29.jpg' style='width:100%;display:block'></a><div style='color:#666;font-size:0.8em'><a href=""https://commons.wikimedia.org/wiki/File:Heisdorf,_Gr%C3%BCnewald,_Biergerkr%C3%A4iz_(101).jpg"">GilPe</a>, <a href=""https://creativecommons.org/licenses/by-sa/3.0"">CC BY-SA 3.0</a>, via Wikimedia Commons (2018)</div><br>",,,,
6098906740,Buergplaz,,peak,50.16201,6.023595,Troisvierges,Huldange,https://www.openstreetmap.org/node/6098906740,https://www.google.com/maps?q=50.16201 6.0235953,"<div style=""font-size:1em"">Wikipedia: <a href=""https://lb.wikipedia.org/wiki/Buergplaz_zu_Huldang"" target=""_blank"" style=""text-decoration:none"">lb</a> · <a href=""https://de.wikipedia.org/wiki/Burgplatz_(Luxemburg)"" target=""_blank"" style=""text-decoration:none"">de</a> · <a href=""https://en.wikipedia.org/wiki/Buurgplaatz"" target=""_blank"" style=""text-decoration:none"">en</a></div>","<a href='https://upload.wikimedia.org/wikipedia/commons/3/3d/Buergplaz_Huldang.jpg' target='_blank' rel='noopener noreferrer'><img src='https://upload.wikimedia.org/wikipedia/commons/3/3d/Buergplaz_Huldang.jpg' style='width:100%;display:block'></a><div style='color:#666;font-size:0.8em'><a href=""https://commons.wikimedia.org/wiki/File:Buergplaz_Huldang.jpg"">Cornischong</a>, <a href=""http://creativecommons.org/licenses/by-sa/3.0/"">CC BY-SA 3.0</a>, via Wikimedia Commons (2005)</div><br>",,,,,
2289631450,Erënnerungsplacken u Lëtzebuerger Cyclisten,,memorial,49.613951,6.123316,Luxembourg,Ville-Haute,https://www.openstreetmap.org/node/2289631450,https://www.google.com/maps?q=49.6139509 6.1233163,"<div style=""font-size:1em"">Wikipedia: <a href=""https://lb.wikipedia.org/wiki/Er%C3%ABnnerungsplacke_fir_L%C3%ABtzebuerger_Cyclisten"" target=""_blank"" style=""text-decoration:none"">lb</a></div>","<a href='https://upload.wikimedia.org/wikipedia/commons/0/0e/Luxembourg%2C_Plaques_comm%C3%A9moratives_des_cyclistes_luxembourgeois_%28101%29.jpg' target='_blank' rel='noopener noreferrer'><img src='https://upload.wikimedia.org/wikipedia/commons/0/0e/Luxembourg%2C_Plaques_comm%C3%A9moratives_des_cyclistes_luxembourgeois_%28101%29.jpg' style='width:100%;display:block'></a><div style='color:#666;font-size:0.8em'><a href=""https://commons.wikimedia.org/wiki/File:Luxembourg,_Plaques_comm%C3%A9moratives_des_cyclistes_luxembourgeois_(101).jpg"">GilPe</a>, <a href=""https://creativecommons.org/licenses/by-sa/4.0"">CC BY-SA 4.0</a>, via Wikimedia Commons (2020)</div><br>",,,,,
970004089,"European Pentagon, Safe & Sorry Pavillon",,artwork,49.618698,6.141596,Luxembourg,Kirchberg,https://www.openstreetmap.org/node/970004089,https://www.google.com/maps?q=49.618698 6.1415959,,,,,,,
8931883112,Ficellesbréck,,memorial,49.865017,6.158408,Diekirch,Diekirch,https://www.openstreetmap.org/node/8931883112,https://www.google.com/maps?q=49.865017 6.1584076,,,,,,,
7925852091,Fräiheetsplaz,,memorial,49.516092,6.188076,Frisange,Frisange,https://www.openstreetmap.org/node/7925852091,https://www.google.com/maps?q=49.5160919 6.1880765,,"<a href='https://upload.wikimedia.org/wikipedia/commons/6/6f/Frisange_remembers.jpg' target='_blank' rel='noopener noreferrer'><img src='https://upload.wikimedia.org/wikipedia/commons/6/6f/Frisange_remembers.jpg' style='width:100%;display:block'></a><div style='color:#666;font-size:0.8em'><a href=""https://commons.wikimedia.org/wiki/File:Frisange_remembers.jpg"">Rothgar I</a>, <a href=""https://creativecommons.org/licenses/by-sa/4.0"">CC BY-SA 4.0</a>, via Wikimedia Commons (2015)</div><br>",,,,,
847566789,Goethe-Steen,,memorial,49.6116,6.135508,Luxembourg,Ville-Haute,https://www.openstreetmap.org/node/847566789,https://www.google.com/maps?q=49.6116005 6.1355081,"<div style=""font-size:1em"">Wikipedia: <a href=""https://lb.wikipedia.org/wiki/Goethe-Gedenkplack_um_Bock"" target=""_blank"" style=""text-decoration:none"">lb</a> · <a href=""https://de.wikipedia.org/wiki/Goethe-Gedenkstein_(Luxemburg)"" target=""_blank"" style=""text-decoration:none"">de</a></div>","<a href='https://upload.wikimedia.org/wikipedia/commons/3/36/Luxembourg-Bock%2C_plaque_comm%C3%A9morative_en_m%C3%A9moire_de_J.W._von_Goethe_%28102%29.jpg' target='_blank' rel='noopener noreferrer'><img src='https://upload.wikimedia.org/wikipedia/commons/3/36/Luxembourg-Bock%2C_plaque_comm%C3%A9morative_en_m%C3%A9moire_de_J.W._von_Goethe_%28102%29.jpg' style='width:100%;display:block'></a><div style='color:#666;font-size:0.8em'><a href=""https://commons.wikimedia.org/wiki/File:Luxembourg-Bock,_plaque_comm%C3%A9morative_en_m%C3%A9moire_de_J.W._von_Goethe_(102).jpg"">GilPe</a>, <a href=""https://creativecommons.org/licenses/by-sa/4.0"">CC BY-SA 4.0</a>, via Wikimedia Commons (2020)</div><br>","<a href='https://upload.wikimedia.org/wikipedia/commons/9/94/Luxembourg-Bock%2C_plaque_comm%C3%A9morative_en_m%C3%A9moire_de_J.W._von_Goethe_%28105%29.jpg' target='_blank' rel='noopener noreferrer'><img src='https://upload.wikimedia.org/wikipedia/commons/9/94/Luxembourg-Bock%2C_plaque_comm%C3%A9morative_en_m%C3%A9moire_de_J.W._von_Goethe_%28105%29.jpg' style='width:100%;display:block'></a><div style='color:#666;font-size:0.8em'><a href=""https://commons.wikimedia.org/wiki/File:Luxembourg-Bock,_plaque_comm%C3%A9morative_en_m%C3%A9moire_de_J.W._von_Goethe_(105).jpg"">GilPe</a>, <a href=""https://creativecommons.org/licenses/by-sa/4.0"">CC BY-SA 4.0</a>, via Wikimedia Commons (2020)</div><br>","<a href='https://upload.wikimedia.org/wikipedia/commons/6/63/Luxembourg-Bock%2C_plaque_comm%C3%A9morative_en_m%C3%A9moire_de_J.W._von_Goethe_%28104%29.jpg' target='_blank' rel='noopener noreferrer'><img src='https://upload.wikimedia.org/wikipedia/commons/6/63/Luxembourg-Bock%2C_plaque_comm%C3%A9morative_en_m%C3%A9moire_de_J.W._von_Goethe_%28104%29.jpg' style='width:100%;display:block'></a><div style='color:#666;font-size:0.8em'><a href=""https://commons.wikimedia.org/wiki/File:Luxembourg-Bock,_plaque_comm%C3%A9morative_en_m%C3%A9moire_de_J.W._von_Goethe_(104).jpg"">GilPe</a>, <a href=""https://creativecommons.org/licenses/by-sa/4.0"">CC BY-SA 4.0</a>, via Wikimedia Commons (2020)</div><br>",,,
4885433680,Jang-de-Blannen-Gedenkplack am Stater Park,,memorial,49.616051,6.124526,Luxembourg,Ville-Haute,https://www.openstreetmap.org/node/4885433680,https://www.google.com/maps?q=49.6160508 6.1245256,"<div style=""font-size:1em"">Wikipedia: <a href=""https://lb.wikipedia.org/wiki/Jang-de-Blannen-Gedenkplack_am_Stater_Park"" target=""_blank"" style=""text-decoration:none"">lb</a></div>","<a href='https://upload.wikimedia.org/wikipedia/commons/b/bc/Luxembourg%2C_monument_Jean_l%27Aveugle_%28103%29.jpg' target='_blank' rel='noopener noreferrer'><img src='https://upload.wikimedia.org/wikipedia/commons/b/bc/Luxembourg%2C_monument_Jean_l%27Aveugle_%28103%29.jpg' style='width:100%;display:block'></a><div style='color:#666;font-size:0.8em'><a href=""https://commons.wikimedia.org/wiki/File:Luxembourg,_monument_Jean_l%27Aveugle_(103).jpg"">GilPe</a>, <a href=""https://creativecommons.org/licenses/by-sa/4.0"">CC BY-SA 4.0</a>, via Wikimedia Commons (2021)</div><br>","<a href='https://upload.wikimedia.org/wikipedia/commons/3/34/Luxembourg%2C_monument_Jean_l%27Aveugle_%28104%29.jpg' target='_blank' rel='noopener noreferrer'><img src='https://upload.wikimedia.org/wikipedia/commons/3/34/Luxembourg%2C_monument_Jean_l%27Aveugle_%28104%29.jpg' style='width:100%;display:block'></a><div style='color:#666;font-size:0.8em'><a href=""https://commons.wikimedia.org/wiki/File:Luxembourg,_monument_Jean_l%27Aveugle_(104).jpg"">GilPe</a>, <a href=""https://creativecommons.org/licenses/by-sa/4.0"">CC BY-SA 4.0</a>, via Wikimedia Commons (2021)</div><br>",,,,
6869893409,Jang-de-Blannen-Gedenkplack um Bock,,memorial,49.611782,6.137252,Luxembourg,Ville-Haute,https://www.openstreetmap.org/node/6869893409,https://www.google.com/maps?q=49.6117824 6.1372516,"<div style=""font-size:1em"">Wikipedia: <a href=""https://lb.wikipedia.org/wiki/Jang-de-Blannen-Gedenkplack_um_Bock"" target=""_blank"" style=""text-decoration:none"">lb</a></div>","<a href='https://upload.wikimedia.org/wikipedia/commons/2/22/Luxembourg-Bock%2C_plaque_comm%C3%A9morative_en_m%C3%A9moire_de_Jean_l_Aveugle.jpg' target='_blank' rel='noopener noreferrer'><img src='https://upload.wikimedia.org/wikipedia/commons/2/22/Luxembourg-Bock%2C_plaque_comm%C3%A9morative_en_m%C3%A9moire_de_Jean_l_Aveugle.jpg' style='width:100%;display:block'></a><div style='color:#666;font-size:0.8em'><a href=""https://commons.wikimedia.org/wiki/File:Luxembourg-Bock,_plaque_comm%C3%A9morative_en_m%C3%A9moire_de_Jean_l_Aveugle.jpg"">GilPe</a>, <a href=""https://creativecommons.org/licenses/by-sa/4.0"">CC BY-SA 4.0</a>, via Wikimedia Commons (2020)</div><br>",,,,,
8127212925,Lancaster memorial,,memorial,50.141426,6.113384,Weiswampach,Weiswampach,https://www.openstreetmap.org/node/8127212925,https://www.google.com/maps?q=50.1414265 6.1133843,"<div style=""font-size:1em"">Wikipedia: <a href=""https://lb.wikipedia.org/wiki/Lancaster_Memorial_zu_W%C3%A4iswampech"" target=""_blank"" style=""text-decoration:none"">lb</a> · <a href=""https://en.wikipedia.org/wiki/Lancaster_Memorial_(Luxembourg)"" target=""_blank"" style=""text-decoration:none"">en</a></div>",,,,,,
7884901448,Memorial Edgar Cossé,,memorial,49.664106,6.072271,Kopstal,Kopstal,https://www.openstreetmap.org/node/7884901448,https://www.google.com/maps?q=49.6641057 6.0722707,"<div style=""font-size:1em"">Wikipedia: <a href=""https://lb.wikipedia.org/wiki/Edgar_Coss%C3%A9?"" target=""_blank"" style=""text-decoration:none"">lb</a></div>","<a href='https://upload.wikimedia.org/wikipedia/commons/9/9a/Memorial_Edgar_Coss%C3%A9_in_Kopstal_01.jpg' target='_blank' rel='noopener noreferrer'><img src='https://upload.wikimedia.org/wikipedia/commons/9/9a/Memorial_Edgar_Coss%C3%A9_in_Kopstal_01.jpg' style='width:100%;display:block'></a><div style='color:#666;font-size:0.8em'><a href=""https://commons.wikimedia.org/wiki/File:Memorial_Edgar_Coss%C3%A9_in_Kopstal_01.jpg"">MMFE</a>, <a href=""https://creativecommons.org/licenses/by-sa/4.0"">CC BY-SA 4.0</a>, via Wikimedia Commons (2014)</div><br>",,,,,
10778343548,Monument 87th Infantry Division,,memorial,50.161481,6.023998,Troisvierges,Huldange,https://www.openstreetmap.org/node/10778343548,https://www.google.com/maps?q=50.1614806 6.0239977,,"<a href='https://upload.wikimedia.org/wikipedia/commons/3/30/Huldange%2C_Buergplaz_%28108%29.jpg' target='_blank' rel='noopener noreferrer'><img src='https://upload.wikimedia.org/wikipedia/commons/3/30/Huldange%2C_Buergplaz_%28108%29.jpg' style='width:100%;display:block'></a><div style='color:#666;font-size:0.8em'><a href=""https://commons.wikimedia.org/wiki/File:Huldange,_Buergplaz_(108).jpg"">GilPe</a>, <a href=""https://creativecommons.org/licenses/by-sa/4.0"">CC BY-SA 4.0</a>, via Wikimedia Commons (2019)</div><br>",,,,,
12580169555,Monument aus dem Zweete Weltkrich,,memorial,49.861402,6.228584,Bettendorf,Hirtzenhof,https://www.openstreetmap.org/node/12580169555,https://www.google.com/maps?q=49.8614021 6.2285842,,"<a href='https://upload.wikimedia.org/wikipedia/commons/7/71/War_memorial_Hirzenhaff_Bettendorf_01.jpg' target='_blank' rel='noopener noreferrer'><img src='https://upload.wikimedia.org/wikipedia/commons/7/71/War_memorial_Hirzenhaff_Bettendorf_01.jpg' style='width:100%;display:block'></a><div style='color:#666;font-size:0.8em'><a href=""https://commons.wikimedia.org/wiki/File:War_memorial_Hirzenhaff_Bettendorf_01.jpg"">MMFE</a>, <a href=""https://creativecommons.org/licenses/by-sa/4.0"">CC BY-SA 4.0</a>, via Wikimedia Commons (2022)</div><br>",,,,,
12570809463,Monument aux Morts,,memorial,49.804329,6.499997,Rosport-Mompach,Rosport,https://www.openstreetmap.org/node/12570809463,https://www.google.com/maps?q=49.8043286 6.4999969,,"<a href='https://upload.wikimedia.org/wikipedia/commons/c/c1/Monument_aux_Morts_Rosport_01.jpg' target='_blank' rel='noopener noreferrer'><img src='https://upload.wikimedia.org/wikipedia/commons/c/c1/Monument_aux_Morts_Rosport_01.jpg' style='width:100%;display:block'></a><div style='color:#666;font-size:0.8em'><a href=""https://commons.wikimedia.org/wiki/File:Monument_aux_Morts_Rosport_01.jpg"">MMFE</a>, <a href=""https://creativecommons.org/licenses/by-sa/3.0"">CC BY-SA 3.0</a>, via Wikimedia Commons (2013)</div><br>",,,,,
11893133144,Monument aux Morts op der Corniche,,memorial,49.609664,6.133841,Luxembourg,Ville-Haute,https://www.openstreetmap.org/node/11893133144,https://www.google.com/maps?q=49.6096639 6.1338409,"<div style=""font-size:1em"">Wikipedia: <a href=""https://lb.wikipedia.org/wiki/Monument_aux_morts_op_der_Corniche"" target=""_blank"" style=""text-decoration:none"">lb</a></div>","<a href='https://upload.wikimedia.org/wikipedia/commons/d/dd/Luxembourg._Monument_aux_morts_Corniche_%28101%29.jpg' target='_blank' rel='noopener noreferrer'><img src='https://upload.wikimedia.org/wikipedia/commons/d/dd/Luxembourg._Monument_aux_morts_Corniche_%28101%29.jpg' style='width:100%;display:block'></a><div style='color:#666;font-size:0.8em'><a href=""https://commons.wikimedia.org/wiki/File:Luxembourg._Monument_aux_morts_Corniche_(101).jpg"">GilPe</a>, <a href=""https://creativecommons.org/licenses/by-sa/4.0"">CC BY-SA 4.0</a>, via Wikimedia Commons (2020)</div><br>",,,,,
8225510796,Monument Belgo-Britannique de S.R.A.,,memorial,50.092645,6.021277,Wincrange,Maulusmühle,https://www.openstreetmap.org/node/8225510796,https://www.google.com/maps?q=50.0926453 6.0212773,"<div style=""font-size:1em"">Wikipedia: <a href=""https://lb.wikipedia.org/wiki/Fligermonument_op_der_Maulesmillen"" target=""_blank"" style=""text-decoration:none"">lb</a></div>","<a href='https://upload.wikimedia.org/wikipedia/commons/a/a9/Maulusm%C3%BChle%2C_Monument_SRA_%282%29.jpg' target='_blank' rel='noopener noreferrer'><img src='https://upload.wikimedia.org/wikipedia/commons/a/a9/Maulusm%C3%BChle%2C_Monument_SRA_%282%29.jpg' style='width:100%;display:block'></a><div style='color:#666;font-size:0.8em'><a href=""https://commons.wikimedia.org/wiki/File:Maulusm%C3%BChle,_Monument_SRA_(2).jpg"">GilPe</a>, <a href=""https://creativecommons.org/licenses/by-sa/3.0"">CC BY-SA 3.0</a>, via Wikimedia Commons (2018)</div><br>","<a href='https://upload.wikimedia.org/wikipedia/commons/3/3d/Maulusm%C3%BChle%2C_Monument_SRA_%2813%29.jpg' target='_blank' rel='noopener noreferrer'><img src='https://upload.wikimedia.org/wikipedia/commons/3/3d/Maulusm%C3%BChle%2C_Monument_SRA_%2813%29.jpg' style='width:100%;display:block'></a><div style='color:#666;font-size:0.8em'><a href=""https://commons.wikimedia.org/wiki/File:Maulusm%C3%BChle,_Monument_SRA_(13).jpg"">GilPe</a>, <a href=""https://creativecommons.org/licenses/by-sa/3.0"">CC BY-SA 3.0</a>, via Wikimedia Commons (2018)</div><br>",,,,
8132380558,Monument du Recueillement,,memorial,49.702377,6.273502,Junglinster,Weimerich,https://www.openstreetmap.org/node/8132380558,https://www.google.com/maps?q=49.7023769 6.2735018,,,,,,,
11160994234,Monument Edmond de la Fontaine (Dicks),,memorial,49.546152,6.372752,Remich,Remich,https://www.openstreetmap.org/node/11160994234,https://www.google.com/maps?q=49.5461518 6.3727516,,"<a href='https://upload.wikimedia.org/wikipedia/commons/b/b5/Dicks-Monument_Remich_01.jpg' target='_blank' rel='noopener noreferrer'><img src='https://upload.wikimedia.org/wikipedia/commons/b/b5/Dicks-Monument_Remich_01.jpg' style='width:100%;display:block'></a><div style='color:#666;font-size:0.8em'><a href=""https://commons.wikimedia.org/wiki/File:Dicks-Monument_Remich_01.jpg"">MMFE</a>, <a href=""https://creativecommons.org/licenses/by-sa/4.0"">CC BY-SA 4.0</a>, via Wikimedia Commons (2014)</div><br>",,,,,
12224494327,Monument Jean Schortgen,,memorial,49.480012,6.043412,Kayl,Tétange,https://www.openstreetmap.org/node/12224494327,https://www.google.com/maps?q=49.4800118 6.0434119,"<div style=""font-size:1em"">Wikipedia: <a href=""https://lb.wikipedia.org/wiki/Jean-Schortgen-Monument_um_T%C3%A9itenger_Kierfecht"" target=""_blank"" style=""text-decoration:none"">lb</a></div>",,,,,,
3918615759,Monument Jean-Pierre Bausch,,memorial,49.45746,6.032607,Rumelange,Rumelange,https://www.openstreetmap.org/node/3918615759,https://www.google.com/maps?q=49.4574604 6.0326069,"<div style=""font-size:1em"">Wikipedia: <a href=""https://lb.wikipedia.org/wiki/Jean-Pierre_Bausch"" target=""_blank"" style=""text-decoration:none"">lb</a></div>","<a href='https://upload.wikimedia.org/wikipedia/commons/f/fe/Rumelange%2C_monument_Jean-Pierre_Bausch_%28101%29.jpg' target='_blank' rel='noopener noreferrer'><img src='https://upload.wikimedia.org/wikipedia/commons/f/fe/Rumelange%2C_monument_Jean-Pierre_Bausch_%28101%29.jpg' style='width:100%;display:block'></a><div style='color:#666;font-size:0.8em'><a href=""https://commons.wikimedia.org/wiki/File:Rumelange,_monument_Jean-Pierre_Bausch_(101).jpg"">GilPe</a>, <a href=""https://creativecommons.org/licenses/by-sa/4.0"">CC BY-SA 4.0</a>, via Wikimedia Commons (2022)</div><br>",,,,,
8202273662,Monument vun der Onofhängegkeet op der Buergplaz,,memorial,50.161568,6.023606,Troisvierges,Huldange,https://www.openstreetmap.org/node/8202273662,https://www.google.com/maps?q=50.161568 6.023606,,"<a href='https://upload.wikimedia.org/wikipedia/commons/4/4c/Huldange%2C_Buergplaz_%28109%29.jpg' target='_blank' rel='noopener noreferrer'><img src='https://upload.wikimedia.org/wikipedia/commons/4/4c/Huldange%2C_Buergplaz_%28109%29.jpg' style='width:100%;display:block'></a><div style='color:#666;font-size:0.8em'><a href=""https://commons.wikimedia.org/wiki/File:Huldange,_Buergplaz_(109).jpg"">GilPe</a>, <a href=""https://creativecommons.org/licenses/by-sa/4.0"">CC BY-SA 4.0</a>, via Wikimedia Commons (2019)</div><br>",,,,,
7674215531,Peschtkräiz zu Noumer,,wayside_cross,49.79377,6.1734,Nommern,Nommern,https://www.openstreetmap.org/node/7674215531,https://www.google.com/maps?q=49.79377 6.1734004,,"<a href='https://upload.wikimedia.org/wikipedia/commons/0/08/Weekr%C3%A4iz%2C_25%2C_rue_Principale%2C_Noumer-101.jpg' target='_blank' rel='noopener noreferrer'><img src='https://upload.wikimedia.org/wikipedia/commons/0/08/Weekr%C3%A4iz%2C_25%2C_rue_Principale%2C_Noumer-101.jpg' style='width:100%;display:block'></a><div style='color:#666;font-size:0.8em'><a href=""https://commons.wikimedia.org/wiki/File:Weekr%C3%A4iz,_25,_rue_Principale,_Noumer-101.jpg"">Jwh at Wikipedia Luxembourg</a>, <a href=""https://creativecommons.org/licenses/by-sa/3.0/lu/deed.en"">CC BY-SA 3.0 LU</a>, via Wikimedia Commons (2019)</div><br>","<a href='https://upload.wikimedia.org/wikipedia/commons/4/48/Weekr%C3%A4iz%2C_25%2C_rue_Principale%2C_Noumer-102.jpg' target='_blank' rel='noopener noreferrer'><img src='https://upload.wikimedia.org/wikipedia/commons/4/48/Weekr%C3%A4iz%2C_25%2C_rue_Principale%2C_Noumer-102.jpg' style='width:100%;display:block'></a><div style='color:#666;font-size:0.8em'><a href=""https://commons.wikimedia.org/wiki/File:Weekr%C3%A4iz,_25,_rue_Principale,_Noumer-102.jpg"">Jwh at Wikipedia Luxembourg</a>, <a href=""https://creativecommons.org/licenses/by-sa/3.0/lu/deed.en"">CC BY-SA 3.0 LU</a>, via Wikimedia Commons (2019)</div><br>",,,,
4484061463,Regina Pacis,,wayside_chapel,49.610298,6.043248,Bertrange,Bertrange,https://www.openstreetmap.org/node/4484061463,https://www.google.com/maps?q=49.6102976 6.0432482,,"<a href='https://upload.wikimedia.org/wikipedia/commons/8/80/Weekapell_Bartreng_rue_Petrusse_c.jpg' target='_blank' rel='noopener noreferrer'><img src='https://upload.wikimedia.org/wikipedia/commons/8/80/Weekapell_Bartreng_rue_Petrusse_c.jpg' style='width:100%;display:block'></a><div style='color:#666;font-size:0.8em'><a href=""https://commons.wikimedia.org/wiki/File:Weekapell_Bartreng_rue_Petrusse_c.jpg"">Sultan Edijingo</a>, <a href=""https://creativecommons.org/licenses/by-sa/4.0"">CC BY-SA 4.0</a>, via Wikimedia Commons (2020)</div><br>","<a href='https://upload.wikimedia.org/wikipedia/commons/8/8b/Weekapell_Bartreng_rue_Petrusse_a.jpg' target='_blank' rel='noopener noreferrer'><img src='https://upload.wikimedia.org/wikipedia/commons/8/8b/Weekapell_Bartreng_rue_Petrusse_a.jpg' style='width:100%;display:block'></a><div style='color:#666;font-size:0.8em'><a href=""https://commons.wikimedia.org/wiki/File:Weekapell_Bartreng_rue_Petrusse_a.jpg"">Sultan Edijingo</a>, <a href=""https://creativecommons.org/licenses/by-sa/4.0"">CC BY-SA 4.0</a>, via Wikimedia Commons (2020)</div><br>",,,,
108297385,Saint-Étienne,,church,49.514528,5.894199,Differdange,Oberkorn,https://www.openstreetmap.org/way/108297385,https://www.google.com/maps?q=49.5145276 5.8941992,"<div style=""font-size:1em"">Wikipedia: <a href=""https://lb.wikipedia.org/wiki/Kierch_Uewerkuer"" target=""_blank"" style=""text-decoration:none"">lb</a> · <a href=""https://de.wikipedia.org/wiki/Kirche_Oberkorn"" target=""_blank"" style=""text-decoration:none"">de</a></div>","<a href='https://upload.wikimedia.org/wikipedia/commons/4/43/Kirche_Oberkorn_01.jpg' target='_blank' rel='noopener noreferrer'><img src='https://upload.wikimedia.org/wikipedia/commons/4/43/Kirche_Oberkorn_01.jpg' style='width:100%;display:block'></a><div style='color:#666;font-size:0.8em'><a href=""https://commons.wikimedia.org/wiki/File:Kirche_Oberkorn_01.jpg"">MMFE</a>, <a href=""https://creativecommons.org/licenses/by-sa/3.0"">CC BY-SA 3.0</a>, via Wikimedia Commons (2012)</div><br>","<a href='https://upload.wikimedia.org/wikipedia/commons/8/84/Luxembourg-Differdange-Oberkorn-Church_Saint_Etienne-altar-nave-04ASD.jpg' target='_blank' rel='noopener noreferrer'><img src='https://upload.wikimedia.org/wikipedia/commons/8/84/Luxembourg-Differdange-Oberkorn-Church_Saint_Etienne-altar-nave-04ASD.jpg' style='width:100%;display:block'></a><div style='color:#666;font-size:0.8em'><a href=""https://commons.wikimedia.org/wiki/File:Luxembourg-Differdange-Oberkorn-Church_Saint_Etienne-altar-nave-04ASD.jpg"">Asurnipal</a>, <a href=""https://creativecommons.org/licenses/by-sa/4.0"">CC BY-SA 4.0</a>, via Wikimedia Commons (2019)</div><br>",,,,
31542638,Saint-Jean-Baptiste,,church,49.658257,6.232906,Niederanven,Hostert,https://www.openstreetmap.org/way/31542638,https://www.google.com/maps?q=49.6582568 6.2329056,"<div style=""font-size:1em"">Wikipedia: <a href=""https://lb.wikipedia.org/wiki/Kierch_Hueschtert_(Nidderaanwen)"" target=""_blank"" style=""text-decoration:none"">lb</a> · <a href=""https://de.wikipedia.org/wiki/Saint-Jean-Baptiste_(Hostert)"" target=""_blank"" style=""text-decoration:none"">de</a></div>","<a href='https://upload.wikimedia.org/wikipedia/commons/a/a4/Kirche_Hostert_%28Niederanven%29_01.jpg' target='_blank' rel='noopener noreferrer'><img src='https://upload.wikimedia.org/wikipedia/commons/a/a4/Kirche_Hostert_%28Niederanven%29_01.jpg' style='width:100%;display:block'></a><div style='color:#666;font-size:0.8em'><a href=""https://commons.wikimedia.org/wiki/File:Kirche_Hostert_(Niederanven)_01.jpg"">MMFE</a>, <a href=""https://creativecommons.org/licenses/by-sa/3.0"">CC BY-SA 3.0</a>, via Wikimedia Commons (2013)</div><br>","<a href='https://upload.wikimedia.org/wikipedia/commons/7/76/Kirche_Hostert_%28Niederanven%29_02.jpg' target='_blank' rel='noopener noreferrer'><img src='https://upload.wikimedia.org/wikipedia/commons/7/76/Kirche_Hostert_%28Niederanven%29_02.jpg' style='width:100%;display:block'></a><div style='color:#666;font-size:0.8em'><a href=""https://commons.wikimedia.org/wiki/File:Kirche_Hostert_(Niederanven)_02.jpg"">MMFE</a>, <a href=""https://creativecommons.org/licenses/by-sa/3.0"">CC BY-SA 3.0</a>, via Wikimedia Commons (2013)</div><br>","<a href='https://upload.wikimedia.org/wikipedia/commons/2/22/Kirche_Hostert_%28Niederanven%29_03.jpg' target='_blank' rel='noopener noreferrer'><img src='https://upload.wikimedia.org/wikipedia/commons/2/22/Kirche_Hostert_%28Niederanven%29_03.jpg' style='width:100%;display:block'></a><div style='color:#666;font-size:0.8em'><a href=""https://commons.wikimedia.org/wiki/File:Kirche_Hostert_(Niederanven)_03.jpg"">MMFE</a>, <a href=""https://creativecommons.org/licenses/by-sa/3.0"">CC BY-SA 3.0</a>, via Wikimedia Commons (2013)</div><br>",,,
6532825913,Segment Berliner Mauer,,memorial,49.471453,6.366909,Schengen,Schengen,https://www.openstreetmap.org/node/6532825913,https://www.google.com/maps?q=49.4714527 6.3669086,,"<a href='https://upload.wikimedia.org/wikipedia/commons/9/9f/2018-06-08-luxemburg-schengen-06.jpg' target='_blank' rel='noopener noreferrer'><img src='https://upload.wikimedia.org/wikipedia/commons/9/9f/2018-06-08-luxemburg-schengen-06.jpg' style='width:100%;display:block'></a><div style='color:#666;font-size:0.8em'><a href=""https://commons.wikimedia.org/wiki/File:2018-06-08-luxemburg-schengen-06.jpg"">Photo: Andreas Axel Kirch / Wikimedia Commons / CC BY-SA 3.0 DE</a>, <a href=""https://creativecommons.org/licenses/by-sa/3.0/de/deed.en"">CC BY-SA 3.0 DE</a>, via Wikimedia Commons (2018)</div><br>","<a href='https://upload.wikimedia.org/wikipedia/commons/0/0b/2018-06-08-luxemburg-schengen-08.jpg' target='_blank' rel='noopener noreferrer'><img src='https://upload.wikimedia.org/wikipedia/commons/0/0b/2018-06-08-luxemburg-schengen-08.jpg' style='width:100%;display:block'></a><div style='color:#666;font-size:0.8em'><a href=""https://commons.wikimedia.org/wiki/File:2018-06-08-luxemburg-schengen-08.jpg"">Photo: Andreas Axel Kirch / Wikimedia Commons / CC BY-SA 3.0 DE</a>, <a href=""https://creativecommons.org/licenses/by-sa/3.0/de/deed.en"">CC BY-SA 3.0 DE</a>, via Wikimedia Commons (2018)</div><br>","<a href='https://upload.wikimedia.org/wikipedia/commons/4/4a/2018-06-08-luxemburg-schengen-07.jpg' target='_blank' rel='noopener noreferrer'><img src='https://upload.wikimedia.org/wikipedia/commons/4/4a/2018-06-08-luxemburg-schengen-07.jpg' style='width:100%;display:block'></a><div style='color:#666;font-size:0.8em'><a href=""https://commons.wikimedia.org/wiki/File:2018-06-08-luxemburg-schengen-07.jpg"">Photo: Andreas Axel Kirch / Wikimedia Commons / CC BY-SA 3.0 DE</a>, <a href=""https://creativecommons.org/licenses/by-sa/3.0/de/deed.en"">CC BY-SA 3.0 DE</a>, via Wikimedia Commons (2018)</div><br>",,,
8937760754,Steefuuss,,artwork,49.707247,6.423654,Manternach,Manternach,https://www.openstreetmap.org/node/8937760754,https://www.google.com/maps?q=49.7072469 6.4236536,,,,,,,
13049985308,Stolpersteng Alice & Kurt Deichmann,,memorial,49.541125,6.363527,Remich,Remich,https://www.openstreetmap.org/node/13049985308,https://www.google.com/maps?q=49.5411252 6.3635271,,"<a href='https://upload.wikimedia.org/wikipedia/commons/5/53/Stolpersteen_Alice_Deichmann-Aron%2C_54%2C_rue_de_Macher%2C_R%C3%A9imech-102.jpg' target='_blank' rel='noopener noreferrer'><img src='https://upload.wikimedia.org/wikipedia/commons/5/53/Stolpersteen_Alice_Deichmann-Aron%2C_54%2C_rue_de_Macher%2C_R%C3%A9imech-102.jpg' style='width:100%;display:block'></a><div style='color:#666;font-size:0.8em'><a href=""https://commons.wikimedia.org/wiki/File:Stolpersteen_Alice_Deichmann-Aron,_54,_rue_de_Macher,_R%C3%A9imech-102.jpg"">Jwh at Wikipedia Luxembourg</a>, <a href=""https://creativecommons.org/licenses/by-sa/3.0/lu/deed.en"">CC BY-SA 3.0 LU</a>, via Wikimedia Commons (2016)</div><br>","<a href='https://upload.wikimedia.org/wikipedia/commons/3/37/Stolperstee_Kurt_Deichmann%2C_54%2C_rue_de_Macher%2C_R%C3%A9imech-102.jpg' target='_blank' rel='noopener noreferrer'><img src='https://upload.wikimedia.org/wikipedia/commons/3/37/Stolperstee_Kurt_Deichmann%2C_54%2C_rue_de_Macher%2C_R%C3%A9imech-102.jpg' style='width:100%;display:block'></a><div style='color:#666;font-size:0.8em'><a href=""https://commons.wikimedia.org/wiki/File:Stolperstee_Kurt_Deichmann,_54,_rue_de_Macher,_R%C3%A9imech-102.jpg"">Jwh at Wikipedia Luxembourg</a>, <a href=""https://creativecommons.org/licenses/by-sa/3.0/lu/deed.en"">CC BY-SA 3.0 LU</a>, via Wikimedia Commons (2016)</div><br>",,,,
4080933602,"Stolpersteng Sylvain, Colette a Rose Cerf",,memorial,49.506234,6.27112,Mondorf-les-Bains,Mondorf-les-Bains,https://www.openstreetmap.org/node/4080933602,https://www.google.com/maps?q=49.506234 6.2711198,,"<a href='https://upload.wikimedia.org/wikipedia/commons/3/34/Stolpersteng_Colette%2C_Rose_a_Sylvain_Cerf%2C_All%C3%A9e_Jean-Linster%2C_Munneref-101.jpg' target='_blank' rel='noopener noreferrer'><img src='https://upload.wikimedia.org/wikipedia/commons/3/34/Stolpersteng_Colette%2C_Rose_a_Sylvain_Cerf%2C_All%C3%A9e_Jean-Linster%2C_Munneref-101.jpg' style='width:100%;display:block'></a><div style='color:#666;font-size:0.8em'><a href=""https://commons.wikimedia.org/wiki/File:Stolpersteng_Colette,_Rose_a_Sylvain_Cerf,_All%C3%A9e_Jean-Linster,_Munneref-101.jpg"">Jwh at Wikipedia Luxembourg</a>, <a href=""https://creativecommons.org/licenses/by-sa/3.0/lu/deed.en"">CC BY-SA 3.0 LU</a>, via Wikimedia Commons (2015)</div><br>",,,,,
1321978954,Telpenscholtz,,archaeological_site (tumulus),49.690887,6.026245,Kehlen,Dondelange,https://www.openstreetmap.org/node/1321978954,https://www.google.com/maps?q=49.6908871 6.0262446,"<div style=""font-size:1em"">Wikipedia: <a href=""https://lb.wikipedia.org/wiki/Merowengesch_Grafhiwwelen_am_Telpeschholz_zu_Dondel"" target=""_blank"" style=""text-decoration:none"">lb</a></div>",,,,,,
1010034486,Tumulus celtes aristocratiques,,archaeological_site,49.681155,5.985189,Habscht,Nospelt,https://www.openstreetmap.org/way/1010034486,https://www.google.com/maps?q=49.6811553 5.9851888,"<div style=""font-size:1em"">Wikipedia: <a href=""https://lb.wikipedia.org/wiki/Keltesch_Adelsgriewer_vu_Giewel-Nouspelt"" target=""_blank"" style=""text-decoration:none"">lb</a></div>",,,,,,
1392092528,Wayside cross anno 1864,,wayside_chapel,49.554349,6.314603,Bous-Waldbredimus,Assel,https://www.openstreetmap.org/node/1392092528,https://www.google.com/maps?q=49.5543491 6.3146031,,"<a href='https://upload.wikimedia.org/wikipedia/commons/4/43/Kapellchen_Aassel.jpg' target='_blank' rel='noopener noreferrer'><img src='https://upload.wikimedia.org/wikipedia/commons/4/43/Kapellchen_Aassel.jpg' style='width:100%;display:block'></a><div style='color:#666;font-size:0.8em'><a href=""https://commons.wikimedia.org/wiki/File:Kapellchen_Aassel.jpg"">Jwh</a>, <a href=""https://creativecommons.org/licenses/by-sa/3.0/lu/deed.en"">CC BY-SA 3.0 LU</a>, via Wikimedia Commons (2006)</div><br>","<a href='https://upload.wikimedia.org/wikipedia/commons/5/59/Weekapell_Aassel12.JPG' target='_blank' rel='noopener noreferrer'><img src='https://upload.wikimedia.org/wikipedia/commons/5/59/Weekapell_Aassel12.JPG' style='width:100%;display:block'></a><div style='color:#666;font-size:0.8em'><a href=""https://commons.wikimedia.org/wiki/File:Weekapell_Aassel12.JPG"">The original uploader was Johnny Chicago at Luxembourgish Wikipedia.</a>, <a href=""http://creativecommons.org/licenses/by-sa/3.0/"">CC BY-SA 3.0</a>, via Wikimedia Commons (2006)</div><br>",,,,
150476168,Weekapell Ellergronn - Cockeril,,wayside_chapel,49.474876,5.975984,Esch-sur-Alzette,Ellergronn,https://www.openstreetmap.org/way/150476168,https://www.google.com/maps?q=49.4748765 5.975984,,"<a href='https://upload.wikimedia.org/wikipedia/commons/c/c0/Wegkapelle_Esch-Alzette_Ellergronn_01.jpg' target='_blank' rel='noopener noreferrer'><img src='https://upload.wikimedia.org/wikipedia/commons/c/c0/Wegkapelle_Esch-Alzette_Ellergronn_01.jpg' style='width:100%;display:block'></a><div style='color:#666;font-size:0.8em'><a href=""https://commons.wikimedia.org/wiki/File:Wegkapelle_Esch-Alzette_Ellergronn_01.jpg"">MMFE</a>, <a href=""https://creativecommons.org/licenses/by-sa/3.0"">CC BY-SA 3.0</a>, via Wikimedia Commons (2013)</div><br>","<a href='https://upload.wikimedia.org/wikipedia/commons/6/61/Wegkapelle_Esch-Alzette_Ellergronn_02.jpg' target='_blank' rel='noopener noreferrer'><img src='https://upload.wikimedia.org/wikipedia/commons/6/61/Wegkapelle_Esch-Alzette_Ellergronn_02.jpg' style='width:100%;display:block'></a><div style='color:#666;font-size:0.8em'><a href=""https://commons.wikimedia.org/wiki/File:Wegkapelle_Esch-Alzette_Ellergronn_02.jpg"">MMFE</a>, <a href=""https://creativecommons.org/licenses/by-sa/3.0"">CC BY-SA 3.0</a>, via Wikimedia Commons (2013)</div><br>",,,,
7500302337,,,wayside_cross,49.730282,5.883583,Beckerich,Beckerich,https://www.openstreetmap.org/node/7500302337,https://www.google.com/maps?q=49.7302819 5.8835826,,"<a href='https://upload.wikimedia.org/wikipedia/commons/a/ab/Wegkreuz_Beckerich_rue_de_Hovelange_-_Suebelwee_01.jpg' target='_blank' rel='noopener noreferrer'><img src='https://upload.wikimedia.org/wikipedia/commons/a/ab/Wegkreuz_Beckerich_rue_de_Hovelange_-_Suebelwee_01.jpg' style='width:100%;display:block'></a><div style='color:#666;font-size:0.8em'><a href=""https://commons.wikimedia.org/wiki/File:Wegkreuz_Beckerich_rue_de_Hovelange_-_Suebelwee_01.jpg"">MMFE</a>, <a href=""https://creativecommons.org/licenses/by-sa/4.0"">CC BY-SA 4.0</a>, via Wikimedia Commons (2014)</div><br>",,,,,
8199104815,,,industrial_monument,49.713203,6.499493,Mertert,Wasserbillig,https://www.openstreetmap.org/node/8199104815,https://www.google.com/maps?q=49.7132029 6.4994929,,,,,,,
11556969508,,,wayside_chapel,49.611054,6.051346,Bertrange,Bertrange,https://www.openstreetmap.org/node/11556969508,https://www.google.com/maps?q=49.6110545 6.0513464,,"<a href='https://upload.wikimedia.org/wikipedia/commons/c/c3/Bertrange_1_rue_de_la_Fontaine_01.jpg' target='_blank' rel='noopener noreferrer'><img src='https://upload.wikimedia.org/wikipedia/commons/c/c3/Bertrange_1_rue_de_la_Fontaine_01.jpg' style='width:100%;display:block'></a><div style='color:#666;font-size:0.8em'><a href=""https://commons.wikimedia.org/wiki/File:Bertrange_1_rue_de_la_Fontaine_01.jpg"">MMFE</a>, <a href=""https://creativecommons.org/licenses/by-sa/4.0"">CC BY-SA 4.0</a>, via Wikimedia Commons (2023)</div><br>","<a href='https://upload.wikimedia.org/wikipedia/commons/c/c0/Wegkapelle_Bertrange_1_rue_de_la_Fontaine_01.jpg' target='_blank' rel='noopener noreferrer'><img src='https://upload.wikimedia.org/wikipedia/commons/c/c0/Wegkapelle_Bertrange_1_rue_de_la_Fontaine_01.jpg' style='width:100%;display:block'></a><div style='color:#666;font-size:0.8em'><a href=""https://commons.wikimedia.org/wiki/File:Wegkapelle_Bertrange_1_rue_de_la_Fontaine_01.jpg"">MMFE</a>, <a href=""https://creativecommons.org/licenses/by-sa/4.0"">CC BY-SA 4.0</a>, via Wikimedia Commons (2023)</div><br>",,,,
4826975563,,,wayside_cross,50.161702,6.023012,Troisvierges,Huldange,https://www.openstreetmap.org/node/4826975563,https://www.google.com/maps?q=50.1617017 6.023012,,,,,,,
886755837,,,wayside_chapel,49.909327,6.062332,Bourscheid,Bourscheid,https://www.openstreetmap.org/way/886755837,https://www.google.com/maps?q=49.9093272 6.0623316,,"<a href='https://upload.wikimedia.org/wikipedia/commons/7/7c/Buerschent_Kapell_Groussgaass.jpg' target='_blank' rel='noopener noreferrer'><img src='https://upload.wikimedia.org/wikipedia/commons/7/7c/Buerschent_Kapell_Groussgaass.jpg' style='width:100%;display:block'></a><div style='color:#666;font-size:0.8em'><a href=""https://commons.wikimedia.org/wiki/File:Buerschent_Kapell_Groussgaass.jpg"">Jwh</a>, <a href=""https://creativecommons.org/licenses/by-sa/3.0/lu/deed.en"">CC BY-SA 3.0 LU</a>, via Wikimedia Commons (2013)</div><br>",,,,,
5936323042,,,wayside_cross,49.753603,6.258993,Heffingen,Reuland,https://www.openstreetmap.org/node/5936323042,https://www.google.com/maps?q=49.7536028 6.2589927,,"<a href='https://upload.wikimedia.org/wikipedia/commons/c/cc/Wegkreuz_Reuland_Am_Duerf_01.jpg' target='_blank' rel='noopener noreferrer'><img src='https://upload.wikimedia.org/wikipedia/commons/c/cc/Wegkreuz_Reuland_Am_Duerf_01.jpg' style='width:100%;display:block'></a><div style='color:#666;font-size:0.8em'><a href=""https://commons.wikimedia.org/wiki/File:Wegkreuz_Reuland_Am_Duerf_01.jpg"">MMFE</a>, <a href=""https://creativecommons.org/licenses/by-sa/4.0"">CC BY-SA 4.0</a>, via Wikimedia Commons (2021)</div><br>",,,,,
1359398943,,,wayside_chapel,49.6845,5.877817,Habscht,Eischen,https://www.openstreetmap.org/way/1359398943,https://www.google.com/maps?q=49.6844995 5.8778166,,"<a href='https://upload.wikimedia.org/wikipedia/commons/b/b5/Wegkreuz_und_Wegkapelle_Eischen_Grand-Rue_01.jpg' target='_blank' rel='noopener noreferrer'><img src='https://upload.wikimedia.org/wikipedia/commons/b/b5/Wegkreuz_und_Wegkapelle_Eischen_Grand-Rue_01.jpg' style='width:100%;display:block'></a><div style='color:#666;font-size:0.8em'><a href=""https://commons.wikimedia.org/wiki/File:Wegkreuz_und_Wegkapelle_Eischen_Grand-Rue_01.jpg"">MMFE</a>, <a href=""https://creativecommons.org/licenses/by-sa/3.0"">CC BY-SA 3.0</a>, via Wikimedia Commons (2014)</div><br>","<a href='https://upload.wikimedia.org/wikipedia/commons/7/71/Wegkreuz_und_Wegkapelle_Eischen_Grand-Rue_02.jpg' target='_blank' rel='noopener noreferrer'><img src='https://upload.wikimedia.org/wikipedia/commons/7/71/Wegkreuz_und_Wegkapelle_Eischen_Grand-Rue_02.jpg' style='width:100%;display:block'></a><div style='color:#666;font-size:0.8em'><a href=""https://commons.wikimedia.org/wiki/File:Wegkreuz_und_Wegkapelle_Eischen_Grand-Rue_02.jpg"">MMFE</a>, <a href=""https://creativecommons.org/licenses/by-sa/3.0"">CC BY-SA 3.0</a>, via Wikimedia Commons (2014)</div><br>",,,,
11556987788,,,wayside_chapel,49.609027,6.048185,Bertrange,Bertrange,https://www.openstreetmap.org/node/11556987788,https://www.google.com/maps?q=49.6090272 6.0481852,,"<a href='https://upload.wikimedia.org/wikipedia/commons/1/16/Weekapell_Bartreng_3.jpg' target='_blank' rel='noopener noreferrer'><img src='https://upload.wikimedia.org/wikipedia/commons/1/16/Weekapell_Bartreng_3.jpg' style='width:100%;display:block'></a><div style='color:#666;font-size:0.8em'><a href=""https://commons.wikimedia.org/wiki/File:Weekapell_Bartreng_3.jpg"">Sultan Edijingo</a>, <a href=""https://creativecommons.org/licenses/by-sa/4.0"">CC BY-SA 4.0</a>, via Wikimedia Commons (2020)</div><br>","<a href='https://upload.wikimedia.org/wikipedia/commons/6/62/Weekapell_Bartreng_4.jpg' target='_blank' rel='noopener noreferrer'><img src='https://upload.wikimedia.org/wikipedia/commons/6/62/Weekapell_Bartreng_4.jpg' style='width:100%;display:block'></a><div style='color:#666;font-size:0.8em'><a href=""https://commons.wikimedia.org/wiki/File:Weekapell_Bartreng_4.jpg"">Sultan Edijingo</a>, <a href=""https://creativecommons.org/licenses/by-sa/4.0"">CC BY-SA 4.0</a>, via Wikimedia Commons (2020)</div><br>",,,,
961901345,,,wayside_chapel,49.824837,6.353267,Berdorf,Berdorf,https://www.openstreetmap.org/way/961901345,https://www.google.com/maps?q=49.8248374 6.3532671,,"<a href='https://upload.wikimedia.org/wikipedia/commons/2/25/Wayside_cross_and_chapel_Berdorf_Hammhafferstrooss_2016-07.jpg' target='_blank' rel='noopener noreferrer'><img src='https://upload.wikimedia.org/wikipedia/commons/2/25/Wayside_cross_and_chapel_Berdorf_Hammhafferstrooss_2016-07.jpg' style='width:100%;display:block'></a><div style='color:#666;font-size:0.8em'><a href=""https://commons.wikimedia.org/wiki/File:Wayside_cross_and_chapel_Berdorf_Hammhafferstrooss_2016-07.jpg"">Zinneke</a>, <a href=""https://creativecommons.org/licenses/by-sa/3.0"">CC BY-SA 3.0</a>, via Wikimedia Commons (2016)</div><br>","<a href='https://upload.wikimedia.org/wikipedia/commons/b/b0/Wayside_chapel_Hammhafferstrooss_corner_Bierkelterstross.jpg' target='_blank' rel='noopener noreferrer'><img src='https://upload.wikimedia.org/wikipedia/commons/b/b0/Wayside_chapel_Hammhafferstrooss_corner_Bierkelterstross.jpg' style='width:100%;display:block'></a><div style='color:#666;font-size:0.8em'><a href=""https://commons.wikimedia.org/wiki/File:Wayside_chapel_Hammhafferstrooss_corner_Bierkelterstross.jpg"">Sultan Edijingo</a>, <a href=""https://creativecommons.org/licenses/by-sa/4.0"">CC BY-SA 4.0</a>, via Wikimedia Commons (2023)</div><br>",,,,
4450707071,,,wayside_chapel,49.81925,6.346806,Berdorf,Berdorf,https://www.openstreetmap.org/node/4450707071,https://www.google.com/maps?q=49.81925 6.34680555555556,,"<a href='https://upload.wikimedia.org/wikipedia/commons/3/33/Wayside_chapel_Berdorf%2C_35%2C_Konsdreferstrooss_2019-08.jpg' target='_blank' rel='noopener noreferrer'><img src='https://upload.wikimedia.org/wikipedia/commons/3/33/Wayside_chapel_Berdorf%2C_35%2C_Konsdreferstrooss_2019-08.jpg' style='width:100%;display:block'></a><div style='color:#666;font-size:0.8em'><a href=""https://commons.wikimedia.org/wiki/File:Wayside_chapel_Berdorf,_35,_Konsdreferstrooss_2019-08.jpg"">Zinneke</a>, <a href=""https://creativecommons.org/licenses/by-sa/3.0"">CC BY-SA 3.0</a>, via Wikimedia Commons (2019)</div><br>","<a href='https://upload.wikimedia.org/wikipedia/commons/a/ab/Wayside_chapel%2C_35%2C_Konsdrefferstrooss_Berdorf.jpg' target='_blank' rel='noopener noreferrer'><img src='https://upload.wikimedia.org/wikipedia/commons/a/ab/Wayside_chapel%2C_35%2C_Konsdrefferstrooss_Berdorf.jpg' style='width:100%;display:block'></a><div style='color:#666;font-size:0.8em'><a href=""https://commons.wikimedia.org/wiki/File:Wayside_chapel,_35,_Konsdrefferstrooss_Berdorf.jpg"">Sultan Edijingo</a>, <a href=""https://creativecommons.org/licenses/by-sa/4.0"">CC BY-SA 4.0</a>, via Wikimedia Commons (2023)</div><br>",,,,
1194056779,,,wayside_chapel,49.761147,6.156721,Fischbach,Angelsberg,https://www.openstreetmap.org/way/1194056779,https://www.google.com/maps?q=49.7611472 6.1567214,,"<a href='https://upload.wikimedia.org/wikipedia/commons/4/4b/Wegkapelle_Am_g%C3%A9ie_Wee_Angelsberg_01.jpg' target='_blank' rel='noopener noreferrer'><img src='https://upload.wikimedia.org/wikipedia/commons/4/4b/Wegkapelle_Am_g%C3%A9ie_Wee_Angelsberg_01.jpg' style='width:100%;display:block'></a><div style='color:#666;font-size:0.8em'><a href=""https://commons.wikimedia.org/wiki/File:Wegkapelle_Am_g%C3%A9ie_Wee_Angelsberg_01.jpg"">MMFE</a>, <a href=""https://creativecommons.org/licenses/by-sa/4.0"">CC BY-SA 4.0</a>, via Wikimedia Commons (2014)</div><br>","<a href='https://upload.wikimedia.org/wikipedia/commons/9/96/Wegkapelle_Am_g%C3%A9ie_Wee_Angelsberg_02.jpg' target='_blank' rel='noopener noreferrer'><img src='https://upload.wikimedia.org/wikipedia/commons/9/96/Wegkapelle_Am_g%C3%A9ie_Wee_Angelsberg_02.jpg' style='width:100%;display:block'></a><div style='color:#666;font-size:0.8em'><a href=""https://commons.wikimedia.org/wiki/File:Wegkapelle_Am_g%C3%A9ie_Wee_Angelsberg_02.jpg"">MMFE</a>, <a href=""https://creativecommons.org/licenses/by-sa/4.0"">CC BY-SA 4.0</a>, via Wikimedia Commons (2014)</div><br>",,,,
4450707072,,,wayside_chapel,49.819412,6.346854,Berdorf,Berdorf,https://www.openstreetmap.org/node/4450707072,https://www.google.com/maps?q=49.8194115 6.3468542,,"<a href='https://upload.wikimedia.org/wikipedia/commons/4/4d/Wayside_chapel_Berdorf%2C_40%2C_Konsdreferstrooss_2019-07.jpg' target='_blank' rel='noopener noreferrer'><img src='https://upload.wikimedia.org/wikipedia/commons/4/4d/Wayside_chapel_Berdorf%2C_40%2C_Konsdreferstrooss_2019-07.jpg' style='width:100%;display:block'></a><div style='color:#666;font-size:0.8em'><a href=""https://commons.wikimedia.org/wiki/File:Wayside_chapel_Berdorf,_40,_Konsdreferstrooss_2019-07.jpg"">Zinneke</a>, <a href=""https://creativecommons.org/licenses/by-sa/3.0"">CC BY-SA 3.0</a>, via Wikimedia Commons (2019)</div><br>","<a href='https://upload.wikimedia.org/wikipedia/commons/7/7c/Wayside_chapel%2C_40%2C_Konsdrefferstrooss_in_Berdorf%2C_Luxembourg.jpg' target='_blank' rel='noopener noreferrer'><img src='https://upload.wikimedia.org/wikipedia/commons/7/7c/Wayside_chapel%2C_40%2C_Konsdrefferstrooss_in_Berdorf%2C_Luxembourg.jpg' style='width:100%;display:block'></a><div style='color:#666;font-size:0.8em'><a href=""https://commons.wikimedia.org/wiki/File:Wayside_chapel,_40,_Konsdrefferstrooss_in_Berdorf,_Luxembourg.jpg"">Sultan Edijingo</a>, <a href=""https://creativecommons.org/licenses/by-sa/4.0"">CC BY-SA 4.0</a>, via Wikimedia Commons (2023)</div><br>",,,,
929799210,,,wayside_chapel,49.530054,6.353328,Schengen,Bech-Kleinmacher,https://www.openstreetmap.org/way/929799210,https://www.google.com/maps?q=49.5300541 6.3533281,,"<a href='https://upload.wikimedia.org/wikipedia/commons/4/4e/Weekapell%2C_Route_du_Vin_%28Bech-Kleinmacher%29-101.jpg' target='_blank' rel='noopener noreferrer'><img src='https://upload.wikimedia.org/wikipedia/commons/4/4e/Weekapell%2C_Route_du_Vin_%28Bech-Kleinmacher%29-101.jpg' style='width:100%;display:block'></a><div style='color:#666;font-size:0.8em'><a href=""https://commons.wikimedia.org/wiki/File:Weekapell,_Route_du_Vin_(Bech-Kleinmacher)-101.jpg"">Jwh at Wikipedia Luxembourg</a>, <a href=""https://creativecommons.org/licenses/by-sa/3.0/lu/deed.en"">CC BY-SA 3.0 LU</a>, via Wikimedia Commons (2015)</div><br>","<a href='https://upload.wikimedia.org/wikipedia/commons/b/be/Weekapell%2C_Route_du_Vin_%28Bech-Kleinmacher%29-103.jpg' target='_blank' rel='noopener noreferrer'><img src='https://upload.wikimedia.org/wikipedia/commons/b/be/Weekapell%2C_Route_du_Vin_%28Bech-Kleinmacher%29-103.jpg' style='width:100%;display:block'></a><div style='color:#666;font-size:0.8em'><a href=""https://commons.wikimedia.org/wiki/File:Weekapell,_Route_du_Vin_(Bech-Kleinmacher)-103.jpg"">Jwh at Wikipedia Luxembourg</a>, <a href=""https://creativecommons.org/licenses/by-sa/3.0/lu/deed.en"">CC BY-SA 3.0 LU</a>, via Wikimedia Commons (2015)</div><br>",,,,
332295998,,,wayside_chapel,49.858244,5.830963,Rambrouch,Arsdorf,https://www.openstreetmap.org/way/332295998,https://www.google.com/maps?q=49.8582441 5.8309626,,"<a href='https://upload.wikimedia.org/wikipedia/commons/5/51/Weekapell_Bilschdref_2.jpg' target='_blank' rel='noopener noreferrer'><img src='https://upload.wikimedia.org/wikipedia/commons/5/51/Weekapell_Bilschdref_2.jpg' style='width:100%;display:block'></a><div style='color:#666;font-size:0.8em'><a href=""https://commons.wikimedia.org/wiki/File:Weekapell_Bilschdref_2.jpg"">Sultan Edijingo</a>, <a href=""https://creativecommons.org/licenses/by-sa/4.0"">CC BY-SA 4.0</a>, via Wikimedia Commons (2023)</div><br>","<a href='https://upload.wikimedia.org/wikipedia/commons/5/5f/Weekapell_Bilschdref_1.jpg' target='_blank' rel='noopener noreferrer'><img src='https://upload.wikimedia.org/wikipedia/commons/5/5f/Weekapell_Bilschdref_1.jpg' style='width:100%;display:block'></a><div style='color:#666;font-size:0.8em'><a href=""https://commons.wikimedia.org/wiki/File:Weekapell_Bilschdref_1.jpg"">Sultan Edijingo</a>, <a href=""https://creativecommons.org/licenses/by-sa/4.0"">CC BY-SA 4.0</a>, via Wikimedia Commons (2023)</div><br>",,,,
1359398941,,,wayside_chapel,49.684338,5.873633,Habscht,Eischen,https://www.openstreetmap.org/way/1359398941,https://www.google.com/maps?q=49.6843382 5.8736328,,"<a href='https://upload.wikimedia.org/wikipedia/commons/5/52/Wegkapelle_und_Wegkreuz_Eischen_Grand-Rue_01.jpg' target='_blank' rel='noopener noreferrer'><img src='https://upload.wikimedia.org/wikipedia/commons/5/52/Wegkapelle_und_Wegkreuz_Eischen_Grand-Rue_01.jpg' style='width:100%;display:block'></a><div style='color:#666;font-size:0.8em'><a href=""https://commons.wikimedia.org/wiki/File:Wegkapelle_und_Wegkreuz_Eischen_Grand-Rue_01.jpg"">MMFE</a>, <a href=""https://creativecommons.org/licenses/by-sa/3.0"">CC BY-SA 3.0</a>, via Wikimedia Commons (2014)</div><br>","<a href='https://upload.wikimedia.org/wikipedia/commons/3/3f/Wegkapelle_und_Wegkreuz_Eischen_Grand-Rue_02.jpg' target='_blank' rel='noopener noreferrer'><img src='https://upload.wikimedia.org/wikipedia/commons/3/3f/Wegkapelle_und_Wegkreuz_Eischen_Grand-Rue_02.jpg' style='width:100%;display:block'></a><div style='color:#666;font-size:0.8em'><a href=""https://commons.wikimedia.org/wiki/File:Wegkapelle_und_Wegkreuz_Eischen_Grand-Rue_02.jpg"">MMFE</a>, <a href=""https://creativecommons.org/licenses/by-sa/3.0"">CC BY-SA 3.0</a>, via Wikimedia Commons (2014)</div><br>",,,,
483074013,,,wayside_chapel,49.687202,5.87948,Habscht,Eischen,https://www.openstreetmap.org/way/483074013,https://www.google.com/maps?q=49.687202 5.8794804,,"<a href='https://upload.wikimedia.org/wikipedia/commons/6/6e/Wegkapelle_Eischen_rue_de_la_Gaichel_01.jpg' target='_blank' rel='noopener noreferrer'><img src='https://upload.wikimedia.org/wikipedia/commons/6/6e/Wegkapelle_Eischen_rue_de_la_Gaichel_01.jpg' style='width:100%;display:block'></a><div style='color:#666;font-size:0.8em'><a href=""https://commons.wikimedia.org/wiki/File:Wegkapelle_Eischen_rue_de_la_Gaichel_01.jpg"">MMFE</a>, <a href=""https://creativecommons.org/licenses/by-sa/3.0"">CC BY-SA 3.0</a>, via Wikimedia Commons (2013)</div><br>","<a href='https://upload.wikimedia.org/wikipedia/commons/3/36/Wegkapelle_Eischen_rue_de_la_Gaichel_02.jpg' target='_blank' rel='noopener noreferrer'><img src='https://upload.wikimedia.org/wikipedia/commons/3/36/Wegkapelle_Eischen_rue_de_la_Gaichel_02.jpg' style='width:100%;display:block'></a><div style='color:#666;font-size:0.8em'><a href=""https://commons.wikimedia.org/wiki/File:Wegkapelle_Eischen_rue_de_la_Gaichel_02.jpg"">MMFE</a>, <a href=""https://creativecommons.org/licenses/by-sa/3.0"">CC BY-SA 3.0</a>, via Wikimedia Commons (2013)</div><br>",,,,
187244850,,,wayside_chapel,49.729872,6.303315,Junglinster,Beidweiler,https://www.openstreetmap.org/way/187244850,https://www.google.com/maps?q=49.7298722 6.3033154,,"<a href='https://upload.wikimedia.org/wikipedia/commons/7/70/Luxemb_Beidweiler_chapel_1925.jpg' target='_blank' rel='noopener noreferrer'><img src='https://upload.wikimedia.org/wikipedia/commons/7/70/Luxemb_Beidweiler_chapel_1925.jpg' style='width:100%;display:block'></a><div style='color:#666;font-size:0.8em'><a href=""https://commons.wikimedia.org/wiki/File:Luxemb_Beidweiler_chapel_1925.jpg"">Cayambe</a>, <a href=""https://creativecommons.org/licenses/by-sa/3.0"">CC BY-SA 3.0</a>, via Wikimedia Commons (2012)</div><br>","<a href='https://upload.wikimedia.org/wikipedia/commons/8/8e/Beidweiler_1925_chapel_piet%C3%A0.jpg' target='_blank' rel='noopener noreferrer'><img src='https://upload.wikimedia.org/wikipedia/commons/8/8e/Beidweiler_1925_chapel_piet%C3%A0.jpg' style='width:100%;display:block'></a><div style='color:#666;font-size:0.8em'><a href=""https://commons.wikimedia.org/wiki/File:Beidweiler_1925_chapel_piet%C3%A0.jpg"">Cayambe</a>, <a href=""https://creativecommons.org/licenses/by-sa/3.0"">CC BY-SA 3.0</a>, via Wikimedia Commons (2012)</div><br>",,,,
4458340002,,,wayside_chapel,49.817063,6.344775,Berdorf,Berdorf,https://www.openstreetmap.org/node/4458340002,https://www.google.com/maps?q=49.8170626 6.3447746,,"<a href='https://upload.wikimedia.org/wikipedia/commons/8/85/Wayside_chapel_Berdorf%2C_67%2C_Konsdreferstrooss_2019-09.jpg' target='_blank' rel='noopener noreferrer'><img src='https://upload.wikimedia.org/wikipedia/commons/8/85/Wayside_chapel_Berdorf%2C_67%2C_Konsdreferstrooss_2019-09.jpg' style='width:100%;display:block'></a><div style='color:#666;font-size:0.8em'><a href=""https://commons.wikimedia.org/wiki/File:Wayside_chapel_Berdorf,_67,_Konsdreferstrooss_2019-09.jpg"">Zinneke</a>, <a href=""https://creativecommons.org/licenses/by-sa/3.0"">CC BY-SA 3.0</a>, via Wikimedia Commons (2019)</div><br>",,,,,
1287735923,,,wayside_chapel,49.72582,6.196166,Fischbach,Weyer,https://www.openstreetmap.org/way/1287735923,https://www.google.com/maps?q=49.7258205 6.1961655,,"<a href='https://upload.wikimedia.org/wikipedia/commons/8/8d/Wegkapelle_und_Wegkreuz_Weyer_01.jpg' target='_blank' rel='noopener noreferrer'><img src='https://upload.wikimedia.org/wikipedia/commons/8/8d/Wegkapelle_und_Wegkreuz_Weyer_01.jpg' style='width:100%;display:block'></a><div style='color:#666;font-size:0.8em'><a href=""https://commons.wikimedia.org/wiki/File:Wegkapelle_und_Wegkreuz_Weyer_01.jpg"">MMFE</a>, <a href=""https://creativecommons.org/licenses/by-sa/4.0"">CC BY-SA 4.0</a>, via Wikimedia Commons (2014)</div><br>","<a href='https://upload.wikimedia.org/wikipedia/commons/b/b2/Wegkapelle_und_Wegkreuz_Weyer_02.jpg' target='_blank' rel='noopener noreferrer'><img src='https://upload.wikimedia.org/wikipedia/commons/b/b2/Wegkapelle_und_Wegkreuz_Weyer_02.jpg' style='width:100%;display:block'></a><div style='color:#666;font-size:0.8em'><a href=""https://commons.wikimedia.org/wiki/File:Wegkapelle_und_Wegkreuz_Weyer_02.jpg"">MMFE</a>, <a href=""https://creativecommons.org/licenses/by-sa/4.0"">CC BY-SA 4.0</a>, via Wikimedia Commons (2014)</div><br>",,,,
11556941225,,,wayside_chapel,49.613163,6.048161,Bertrange,Bertrange,https://www.openstreetmap.org/node/11556941225,https://www.google.com/maps?q=49.613163 6.0481607,,"<a href='https://upload.wikimedia.org/wikipedia/commons/a/a4/Weekapell_Bartreng_rue_de_Mamer_b.jpg' target='_blank' rel='noopener noreferrer'><img src='https://upload.wikimedia.org/wikipedia/commons/a/a4/Weekapell_Bartreng_rue_de_Mamer_b.jpg' style='width:100%;display:block'></a><div style='color:#666;font-size:0.8em'><a href=""https://commons.wikimedia.org/wiki/File:Weekapell_Bartreng_rue_de_Mamer_b.jpg"">Sultan Edijingo</a>, <a href=""https://creativecommons.org/licenses/by-sa/4.0"">CC BY-SA 4.0</a>, via Wikimedia Commons (2020)</div><br>","<a href='https://upload.wikimedia.org/wikipedia/commons/6/66/Weekapell_Bartreng_rue_de_Mamer_d.jpg' target='_blank' rel='noopener noreferrer'><img src='https://upload.wikimedia.org/wikipedia/commons/6/66/Weekapell_Bartreng_rue_de_Mamer_d.jpg' style='width:100%;display:block'></a><div style='color:#666;font-size:0.8em'><a href=""https://commons.wikimedia.org/wiki/File:Weekapell_Bartreng_rue_de_Mamer_d.jpg"">Sultan Edijingo</a>, <a href=""https://creativecommons.org/licenses/by-sa/4.0"">CC BY-SA 4.0</a>, via Wikimedia Commons (2020)</div><br>",,,,
11564854888,,,wayside_chapel,49.533576,6.355065,Schengen,Bech-Kleinmacher,https://www.openstreetmap.org/node/11564854888,https://www.google.com/maps?q=49.5335758 6.3550647,,"<a href='https://upload.wikimedia.org/wikipedia/commons/b/bb/Weekapell%2C_17%2C_Route_du_Vin_%28Bech-Kleinmacher%29-101.jpg' target='_blank' rel='noopener noreferrer'><img src='https://upload.wikimedia.org/wikipedia/commons/b/bb/Weekapell%2C_17%2C_Route_du_Vin_%28Bech-Kleinmacher%29-101.jpg' style='width:100%;display:block'></a><div style='color:#666;font-size:0.8em'><a href=""https://commons.wikimedia.org/wiki/File:Weekapell,_17,_Route_du_Vin_(Bech-Kleinmacher)-101.jpg"">Jwh at Wikipedia Luxembourg</a>, <a href=""https://creativecommons.org/licenses/by-sa/3.0/lu/deed.en"">CC BY-SA 3.0 LU</a>, via Wikimedia Commons (2015)</div><br>","<a href='https://upload.wikimedia.org/wikipedia/commons/1/19/Weekapell%2C_17%2C_Route_du_Vin_%28Bech-Kleinmacher%29-103.jpg' target='_blank' rel='noopener noreferrer'><img src='https://upload.wikimedia.org/wikipedia/commons/1/19/Weekapell%2C_17%2C_Route_du_Vin_%28Bech-Kleinmacher%29-103.jpg' style='width:100%;display:block'></a><div style='color:#666;font-size:0.8em'><a href=""https://commons.wikimedia.org/wiki/File:Weekapell,_17,_Route_du_Vin_(Bech-Kleinmacher)-103.jpg"">Jwh at Wikipedia Luxembourg</a>, <a href=""https://creativecommons.org/licenses/by-sa/3.0/lu/deed.en"">CC BY-SA 3.0 LU</a>, via Wikimedia Commons (2015)</div><br>",,,,
1759697714,,,wayside_chapel,49.533561,6.352994,Schengen,Bech-Kleinmacher,https://www.openstreetmap.org/node/1759697714,https://www.google.com/maps?q=49.5335609 6.3529944,,"<a href='https://upload.wikimedia.org/wikipedia/commons/c/c6/Weekapell%2C_Bechel%2C_Bech-Maacher-101.jpg' target='_blank' rel='noopener noreferrer'><img src='https://upload.wikimedia.org/wikipedia/commons/c/c6/Weekapell%2C_Bechel%2C_Bech-Maacher-101.jpg' style='width:100%;display:block'></a><div style='color:#666;font-size:0.8em'><a href=""https://commons.wikimedia.org/wiki/File:Weekapell,_Bechel,_Bech-Maacher-101.jpg"">Jwh at Wikipedia Luxembourg</a>, <a href=""https://creativecommons.org/licenses/by-sa/3.0/lu/deed.en"">CC BY-SA 3.0 LU</a>, via Wikimedia Commons (2015)</div><br>",,,,,
755866313,,,wayside_chapel,49.886244,5.81064,Boulaide,Boulaide,https://www.openstreetmap.org/way/755866313,https://www.google.com/maps?q=49.886244 5.8106405,,"<a href='https://upload.wikimedia.org/wikipedia/commons/f/f3/Weekapell_%E2%80%9COp_der_Feels%E2%80%9D%2C_Bauschelt-101.jpg' target='_blank' rel='noopener noreferrer'><img src='https://upload.wikimedia.org/wikipedia/commons/f/f3/Weekapell_%E2%80%9COp_der_Feels%E2%80%9D%2C_Bauschelt-101.jpg' style='width:100%;display:block'></a><div style='color:#666;font-size:0.8em'><a href=""https://commons.wikimedia.org/wiki/File:Weekapell_%E2%80%9COp_der_Feels%E2%80%9D,_Bauschelt-101.jpg"">Jwh at Wikipedia Luxembourg</a>, <a href=""https://creativecommons.org/licenses/by-sa/3.0/lu/deed.en"">CC BY-SA 3.0 LU</a>, via Wikimedia Commons (2019)</div><br>","<a href='https://upload.wikimedia.org/wikipedia/commons/5/59/Weekapell_%E2%80%9COp_der_Feels%E2%80%9D%2C_Bauschelt-102.jpg' target='_blank' rel='noopener noreferrer'><img src='https://upload.wikimedia.org/wikipedia/commons/5/59/Weekapell_%E2%80%9COp_der_Feels%E2%80%9D%2C_Bauschelt-102.jpg' style='width:100%;display:block'></a><div style='color:#666;font-size:0.8em'><a href=""https://commons.wikimedia.org/wiki/File:Weekapell_%E2%80%9COp_der_Feels%E2%80%9D,_Bauschelt-102.jpg"">Jwh at Wikipedia Luxembourg</a>, <a href=""https://creativecommons.org/licenses/by-sa/3.0/lu/deed.en"">CC BY-SA 3.0 LU</a>, via Wikimedia Commons (2019)</div><br>",,,,
1359398942,,,wayside_chapel,49.685386,5.879841,Habscht,Eischen,https://www.openstreetmap.org/way/1359398942,https://www.google.com/maps?q=49.6853856 5.8798409,,"<a href='https://upload.wikimedia.org/wikipedia/commons/f/f4/Wegkapelle_Eischen_Grand-Rue_01.jpg' target='_blank' rel='noopener noreferrer'><img src='https://upload.wikimedia.org/wikipedia/commons/f/f4/Wegkapelle_Eischen_Grand-Rue_01.jpg' style='width:100%;display:block'></a><div style='color:#666;font-size:0.8em'><a href=""https://commons.wikimedia.org/wiki/File:Wegkapelle_Eischen_Grand-Rue_01.jpg"">MMFE</a>, <a href=""https://creativecommons.org/licenses/by-sa/3.0"">CC BY-SA 3.0</a>, via Wikimedia Commons (2014)</div><br>","<a href='https://upload.wikimedia.org/wikipedia/commons/6/65/Wegkapelle_Eischen_Grand-Rue_02.jpg' target='_blank' rel='noopener noreferrer'><img src='https://upload.wikimedia.org/wikipedia/commons/6/65/Wegkapelle_Eischen_Grand-Rue_02.jpg' style='width:100%;display:block'></a><div style='color:#666;font-size:0.8em'><a href=""https://commons.wikimedia.org/wiki/File:Wegkapelle_Eischen_Grand-Rue_02.jpg"">MMFE</a>, <a href=""https://creativecommons.org/licenses/by-sa/3.0"">CC BY-SA 3.0</a>, via Wikimedia Commons (2014)</div><br>",,,,
