osm_id,name,description,category,group,lat,lon,commune,village,osm_link,gmaps_link,wiki_block,im1_block,im2_block,im3_block,im4_block,im5_block,im6_block,type,subtype
266916967,Antoniuskapell,,religious,religious,49.868921,6.261765,Reisdorf,Reisdorf,https://www.openstreetmap.org/way/266916967,https://www.google.com/maps?q=49.8689212 6.2617649,"<div style=""font-size:1em"">Wikipedia: <a href=""https://lb.wikipedia.org/wiki/Antoniuskapell_zu_Reisduerf"" target=""_blank"" style=""text-decoration:none"">lb</a></div>","<a href='https://upload.wikimedia.org/wikipedia/commons/6/6b/Chapelle_St_Antoine_Reisdorf_Luxembourg_2011-08.JPG' target='_blank' rel='noopener noreferrer'><img src='https://upload.wikimedia.org/wikipedia/commons/6/6b/Chapelle_St_Antoine_Reisdorf_Luxembourg_2011-08.JPG' style='width:100%;display:block'></a><div style='color:#666;font-size:0.8em'><a href=""https://commons.wikimedia.org/wiki/File:Chapelle_St_Antoine_Reisdorf_Luxembourg_2011-08.JPG"">PixHunter</a>, <a href=""https://creativecommons.org/licenses/by-sa/3.0"">CC BY-SA 3.0</a>, via Wikimedia Commons (2011)</div><br>",,,,,,chapel,
145659871,Appoloniakapell,,religious,religious,49.954653,5.924198,Wiltz,Roullingen,https://www.openstreetmap.org/way/145659871,https://www.google.com/maps?q=49.9546527 5.9241978,"<div style=""font-size:1em"">Wikipedia: <a href=""https://lb.wikipedia.org/wiki/Kapell_Rulljen"" target=""_blank"" style=""text-decoration:none"">lb</a></div>","<a href='https://upload.wikimedia.org/wikipedia/commons/a/a0/Kapelle_Roullingen_01.jpg' target='_blank' rel='noopener noreferrer'><img src='https://upload.wikimedia.org/wikipedia/commons/a/a0/Kapelle_Roullingen_01.jpg' style='width:100%;display:block'></a><div style='color:#666;font-size:0.8em'><a href=""https://commons.wikimedia.org/wiki/File:Kapelle_Roullingen_01.jpg"">MMFE</a>, <a href=""https://creativecommons.org/licenses/by-sa/3.0"">CC BY-SA 3.0</a>, via Wikimedia Commons (2015)</div><br>",,,,,,chapel,
662758767,Appoloniakapell,,religious,religious,50.102101,6.111671,Clervaux,Kalborn,https://www.openstreetmap.org/way/662758767,https://www.google.com/maps?q=50.1021008 6.1116714,"<div style=""font-size:1em"">Wikipedia: <a href=""https://lb.wikipedia.org/wiki/Appoloniakapell_zu_Kaalber"" target=""_blank"" style=""text-decoration:none"">lb</a></div>","<a href='https://upload.wikimedia.org/wikipedia/commons/8/86/Kierch_Kaalber.jpg' target='_blank' rel='noopener noreferrer'><img src='https://upload.wikimedia.org/wikipedia/commons/8/86/Kierch_Kaalber.jpg' style='width:100%;display:block'></a><div style='color:#666;font-size:0.8em'><a href=""https://commons.wikimedia.org/wiki/File:Kierch_Kaalber.jpg"">The original uploader was Les Meloures at Luxembourgish Wikipedia.</a>, <a href=""https://creativecommons.org/licenses/by-sa/1.0"">CC BY-SA 1.0</a>, via Wikimedia Commons (2007)</div><br>",,,,,,chapel,
536229047,Andreaskierch,,religious,religious,50.120744,6.002536,Troisvierges,Troisvierges,https://www.openstreetmap.org/way/536229047,https://www.google.com/maps?q=50.1207444 6.0025356,"<div style=""font-size:1em"">Wikipedia: <a href=""https://lb.wikipedia.org/wiki/Andreaskierch_vun_%C3%8Blwen"" target=""_blank"" style=""text-decoration:none"">lb</a></div>","<a href='https://upload.wikimedia.org/wikipedia/commons/a/af/Eglise_Saint-Andr%C3%A9_Troisvierges_01.JPG' target='_blank' rel='noopener noreferrer'><img src='https://upload.wikimedia.org/wikipedia/commons/a/af/Eglise_Saint-Andr%C3%A9_Troisvierges_01.JPG' style='width:100%;display:block'></a><div style='color:#666;font-size:0.8em'><a href=""https://commons.wikimedia.org/wiki/File:Eglise_Saint-Andr%C3%A9_Troisvierges_01.JPG"">Zinneke</a>, <a href=""https://creativecommons.org/licenses/by-sa/3.0/lu/deed.en"">CC BY-SA 3.0 LU</a>, via Wikimedia Commons (2012)</div><br>","<a href='https://upload.wikimedia.org/wikipedia/commons/5/5f/Eglise_Saint-Andr%C3%A9_Troisvierges_02.jpg' target='_blank' rel='noopener noreferrer'><img src='https://upload.wikimedia.org/wikipedia/commons/5/5f/Eglise_Saint-Andr%C3%A9_Troisvierges_02.jpg' style='width:100%;display:block'></a><div style='color:#666;font-size:0.8em'><a href=""https://commons.wikimedia.org/wiki/File:Eglise_Saint-Andr%C3%A9_Troisvierges_02.jpg"">Zinneke</a>, <a href=""https://creativecommons.org/licenses/by-sa/3.0/lu/deed.en"">CC BY-SA 3.0 LU</a>, via Wikimedia Commons (2012)</div><br>","<a href='https://upload.wikimedia.org/wikipedia/commons/d/d1/Eglise_Saint-Andr%C3%A9_Troisvierges_03.JPG' target='_blank' rel='noopener noreferrer'><img src='https://upload.wikimedia.org/wikipedia/commons/d/d1/Eglise_Saint-Andr%C3%A9_Troisvierges_03.JPG' style='width:100%;display:block'></a><div style='color:#666;font-size:0.8em'><a href=""https://commons.wikimedia.org/wiki/File:Eglise_Saint-Andr%C3%A9_Troisvierges_03.JPG"">Zinneke</a>, <a href=""https://creativecommons.org/licenses/by-sa/3.0/lu/deed.en"">CC BY-SA 3.0 LU</a>, via Wikimedia Commons (2012)</div><br>",,,,church,
196201560,Andreaskierch,,religious,religious,49.525061,6.223189,Frisange,Aspelt,https://www.openstreetmap.org/way/196201560,https://www.google.com/maps?q=49.5250612 6.2231891,"<div style=""font-size:1em"">Wikipedia: <a href=""https://lb.wikipedia.org/wiki/Andreaskierch_zu_Uespelt"" target=""_blank"" style=""text-decoration:none"">lb</a></div>","<a href='https://upload.wikimedia.org/wikipedia/commons/f/f4/Kirche_Aspelt_01.jpg' target='_blank' rel='noopener noreferrer'><img src='https://upload.wikimedia.org/wikipedia/commons/f/f4/Kirche_Aspelt_01.jpg' style='width:100%;display:block'></a><div style='color:#666;font-size:0.8em'><a href=""https://commons.wikimedia.org/wiki/File:Kirche_Aspelt_01.jpg"">MMFE</a>, <a href=""https://creativecommons.org/licenses/by-sa/3.0"">CC BY-SA 3.0</a>, via Wikimedia Commons (2013)</div><br>",,,,,,church,
144956668,Assomption de la Bienheureuse-Vierge-Marie,,religious,religious,49.87714,6.21614,Bettendorf,Bettendorf,https://www.openstreetmap.org/way/144956668,https://www.google.com/maps?q=49.8771397 6.2161395,"<div style=""font-size:1em"">Wikipedia: <a href=""https://lb.wikipedia.org/wiki/Kierch_Bettenduerf"" target=""_blank"" style=""text-decoration:none"">lb</a></div>","<a href='https://upload.wikimedia.org/wikipedia/commons/4/45/Kirche_Bettendorf_01.jpg' target='_blank' rel='noopener noreferrer'><img src='https://upload.wikimedia.org/wikipedia/commons/4/45/Kirche_Bettendorf_01.jpg' style='width:100%;display:block'></a><div style='color:#666;font-size:0.8em'><a href=""https://commons.wikimedia.org/wiki/File:Kirche_Bettendorf_01.jpg"">MMFE</a>, <a href=""https://creativecommons.org/licenses/by-sa/3.0"">CC BY-SA 3.0</a>, via Wikimedia Commons (2014)</div><br>",,,,,,church,
126532271,Assomption de la Bienheureuse-Vierge-Marie,,religious,religious,49.573355,6.155403,Hesperange,Hesperange,https://www.openstreetmap.org/way/126532271,https://www.google.com/maps?q=49.5733551 6.1554028,"<div style=""font-size:1em"">Wikipedia: <a href=""https://lb.wikipedia.org/wiki/Kierch_Hesper"" target=""_blank"" style=""text-decoration:none"">lb</a></div>","<a href='https://upload.wikimedia.org/wikipedia/commons/b/b8/Kirche_Hesperange_02.jpg' target='_blank' rel='noopener noreferrer'><img src='https://upload.wikimedia.org/wikipedia/commons/b/b8/Kirche_Hesperange_02.jpg' style='width:100%;display:block'></a><div style='color:#666;font-size:0.8em'><a href=""https://commons.wikimedia.org/wiki/File:Kirche_Hesperange_02.jpg"">MMFE</a>, <a href=""https://creativecommons.org/licenses/by-sa/3.0"">CC BY-SA 3.0</a>, via Wikimedia Commons (2013)</div><br>",,,,,,church,
136762955,Assomption de la Bienheureuse-Vierge-Marie,,religious,religious,49.716785,6.31057,Junglinster,Eschweiler,https://www.openstreetmap.org/way/136762955,https://www.google.com/maps?q=49.7167853 6.3105704,"<div style=""font-size:1em"">Wikipedia: <a href=""https://lb.wikipedia.org/wiki/Kierch_Eescheler"" target=""_blank"" style=""text-decoration:none"">lb</a></div>","<a href='https://upload.wikimedia.org/wikipedia/commons/c/cc/Church_Eschweiler-Junglinster_Luxembourg_2011-08.jpg' target='_blank' rel='noopener noreferrer'><img src='https://upload.wikimedia.org/wikipedia/commons/c/cc/Church_Eschweiler-Junglinster_Luxembourg_2011-08.jpg' style='width:100%;display:block'></a><div style='color:#666;font-size:0.8em'><a href=""https://commons.wikimedia.org/wiki/File:Church_Eschweiler-Junglinster_Luxembourg_2011-08.jpg"">Zinneke</a>, <a href=""https://creativecommons.org/licenses/by-sa/3.0"">CC BY-SA 3.0</a>, via Wikimedia Commons (2011)</div><br>",,,,,,church,
132029081,Assomption de la Bienheureuse-Vierge-Marie,,religious,religious,49.819046,6.478619,Rosport-Mompach,Steinheim,https://www.openstreetmap.org/way/132029081,https://www.google.com/maps?q=49.8190455 6.4786189,"<div style=""font-size:1em"">Wikipedia: <a href=""https://lb.wikipedia.org/wiki/Kierch_Steenem"" target=""_blank"" style=""text-decoration:none"">lb</a> · <a href=""https://de.wikipedia.org/wiki/St._Mariä_Himmelfahrt_(Steinheim)"" target=""_blank"" style=""text-decoration:none"">de</a></div>","<a href='https://upload.wikimedia.org/wikipedia/commons/4/4e/Steenem1.jpg' target='_blank' rel='noopener noreferrer'><img src='https://upload.wikimedia.org/wikipedia/commons/4/4e/Steenem1.jpg' style='width:100%;display:block'></a><div style='color:#666;font-size:0.8em'><a href=""https://commons.wikimedia.org/wiki/File:Steenem1.jpg"">SITCK at lb.wikipedia</a>, <a href=""http://creativecommons.org/licenses/by-sa/3.0/"">CC BY-SA 3.0</a>, via Wikimedia Commons (2007)</div><br>","<a href='https://upload.wikimedia.org/wikipedia/commons/e/ea/STEENEM_Kierch.JPG' target='_blank' rel='noopener noreferrer'><img src='https://upload.wikimedia.org/wikipedia/commons/e/ea/STEENEM_Kierch.JPG' style='width:100%;display:block'></a><div style='color:#666;font-size:0.8em'><a href=""https://commons.wikimedia.org/wiki/File:STEENEM_Kierch.JPG"">The original uploader was Cornischong at Luxembourgish Wikipedia.</a>, <a href=""http://creativecommons.org/licenses/by-sa/3.0/"">CC BY-SA 3.0</a>, via Wikimedia Commons (2006)</div><br>",,,,,church,
126867828,Bäerbelekierch,,religious,religious,49.486114,6.321546,Schengen,Burmerange,https://www.openstreetmap.org/way/126867828,https://www.google.com/maps?q=49.4861143 6.3215464,"<div style=""font-size:1em"">Wikipedia: <a href=""https://lb.wikipedia.org/wiki/Bäerbelekierch_zu_Biermereng"" target=""_blank"" style=""text-decoration:none"">lb</a></div>","<a href='https://upload.wikimedia.org/wikipedia/commons/b/b4/Kirche_Burmerange_01.jpg' target='_blank' rel='noopener noreferrer'><img src='https://upload.wikimedia.org/wikipedia/commons/b/b4/Kirche_Burmerange_01.jpg' style='width:100%;display:block'></a><div style='color:#666;font-size:0.8em'><a href=""https://commons.wikimedia.org/wiki/File:Kirche_Burmerange_01.jpg"">MMFE</a>, <a href=""https://creativecommons.org/licenses/by-sa/3.0"">CC BY-SA 3.0</a>, via Wikimedia Commons (2013)</div><br>",,,,,,church,
295251191,Assomption de la Bienheureuse Vierge Marie,,religious,religious,49.72693,5.985314,Saeul,Saeul,https://www.openstreetmap.org/way/295251191,https://www.google.com/maps?q=49.7269301 5.985314,"<div style=""font-size:1em"">Wikipedia: <a href=""https://lb.wikipedia.org/wiki/Kierch_Sëll"" target=""_blank"" style=""text-decoration:none"">lb</a></div>","<a href='https://upload.wikimedia.org/wikipedia/commons/c/c7/Saeul_Church_from_South.jpg' target='_blank' rel='noopener noreferrer'><img src='https://upload.wikimedia.org/wikipedia/commons/c/c7/Saeul_Church_from_South.jpg' style='width:100%;display:block'></a><div style='color:#666;font-size:0.8em'><a href=""https://commons.wikimedia.org/wiki/File:Saeul_Church_from_South.jpg"">Cayambe</a>, <a href=""https://creativecommons.org/licenses/by-sa/3.0"">CC BY-SA 3.0</a>, via Wikimedia Commons (2012)</div><br>",,,,,,church,
87262794,Wilibrordbasilika,,religious,religious,49.813396,6.421714,Echternach,Echternach,https://www.openstreetmap.org/way/87262794,https://www.google.com/maps?q=49.8133957 6.4217144,"<div style=""font-size:1em"">Wikipedia: <a href=""https://lb.wikipedia.org/wiki/Basilika_Iechternach"" target=""_blank"" style=""text-decoration:none"">lb</a> · <a href=""https://de.wikipedia.org/wiki/Reichsabtei_Echternach"" target=""_blank"" style=""text-decoration:none"">de</a> · <a href=""https://fr.wikipedia.org/wiki/Abbaye_d%27Echternach"" target=""_blank"" style=""text-decoration:none"">fr</a> · <a href=""https://en.wikipedia.org/wiki/Abbey_of_Echternach"" target=""_blank"" style=""text-decoration:none"">en</a></div>","<a href='https://upload.wikimedia.org/wikipedia/commons/8/81/Luxemburg_Echternach_BW_2016-08-06_17-30-05.jpg' target='_blank' rel='noopener noreferrer'><img src='https://upload.wikimedia.org/wikipedia/commons/8/81/Luxemburg_Echternach_BW_2016-08-06_17-30-05.jpg' style='width:100%;display:block'></a><div style='color:#666;font-size:0.8em'><a href=""https://commons.wikimedia.org/wiki/File:Luxemburg_Echternach_BW_2016-08-06_17-30-05.jpg"">Berthold Werner</a>, <a href=""https://creativecommons.org/licenses/by-sa/3.0"">CC BY-SA 3.0</a>, via Wikimedia Commons (2016)</div><br>","<a href='https://upload.wikimedia.org/wikipedia/commons/a/a5/Inside_BASILICA_ECHTERNACH%2C_Lu.jpg' target='_blank' rel='noopener noreferrer'><img src='https://upload.wikimedia.org/wikipedia/commons/a/a5/Inside_BASILICA_ECHTERNACH%2C_Lu.jpg' style='width:100%;display:block'></a><div style='color:#666;font-size:0.8em'><a href=""https://commons.wikimedia.org/wiki/File:Inside_BASILICA_ECHTERNACH,_Lu.jpg"">Denise Hastert</a>, <a href=""https://creativecommons.org/licenses/by-sa/4.0"">CC BY-SA 4.0</a>, via Wikimedia Commons (2015)</div><br>","<a href='https://upload.wikimedia.org/wikipedia/commons/7/76/Willibrord_Echternach.jpg' target='_blank' rel='noopener noreferrer'><img src='https://upload.wikimedia.org/wikipedia/commons/7/76/Willibrord_Echternach.jpg' style='width:100%;display:block'></a><div style='color:#666;font-size:0.8em'><a href=""https://commons.wikimedia.org/wiki/File:Willibrord_Echternach.jpg"">No machine-readable author provided. Tukka assumed (based on copyright claims).</a>, Public domain, via Wikimedia Commons (2005)</div><br>",,,,church,
108297385,Saint-Étienne,,religious,religious,49.514528,5.894199,Differdange,Oberkorn,https://www.openstreetmap.org/way/108297385,https://www.google.com/maps?q=49.5145276 5.8941992,"<div style=""font-size:1em"">Wikipedia: <a href=""https://lb.wikipedia.org/wiki/Kierch_Uewerkuer"" target=""_blank"" style=""text-decoration:none"">lb</a> · <a href=""https://de.wikipedia.org/wiki/Kirche_Oberkorn"" target=""_blank"" style=""text-decoration:none"">de</a></div>","<a href='https://upload.wikimedia.org/wikipedia/commons/4/43/Kirche_Oberkorn_01.jpg' target='_blank' rel='noopener noreferrer'><img src='https://upload.wikimedia.org/wikipedia/commons/4/43/Kirche_Oberkorn_01.jpg' style='width:100%;display:block'></a><div style='color:#666;font-size:0.8em'><a href=""https://commons.wikimedia.org/wiki/File:Kirche_Oberkorn_01.jpg"">MMFE</a>, <a href=""https://creativecommons.org/licenses/by-sa/3.0"">CC BY-SA 3.0</a>, via Wikimedia Commons (2012)</div><br>","<a href='https://upload.wikimedia.org/wikipedia/commons/8/84/Luxembourg-Differdange-Oberkorn-Church_Saint_Etienne-altar-nave-04ASD.jpg' target='_blank' rel='noopener noreferrer'><img src='https://upload.wikimedia.org/wikipedia/commons/8/84/Luxembourg-Differdange-Oberkorn-Church_Saint_Etienne-altar-nave-04ASD.jpg' style='width:100%;display:block'></a><div style='color:#666;font-size:0.8em'><a href=""https://commons.wikimedia.org/wiki/File:Luxembourg-Differdange-Oberkorn-Church_Saint_Etienne-altar-nave-04ASD.jpg"">Asurnipal</a>, <a href=""https://creativecommons.org/licenses/by-sa/4.0"">CC BY-SA 4.0</a>, via Wikimedia Commons (2019)</div><br>",,,,,church,
31542638,Saint-Jean-Baptiste,,religious,religious,49.658257,6.232906,Niederanven,Hostert,https://www.openstreetmap.org/way/31542638,https://www.google.com/maps?q=49.6582568 6.2329056,"<div style=""font-size:1em"">Wikipedia: <a href=""https://lb.wikipedia.org/wiki/Kierch_Hueschtert_(Nidderaanwen)"" target=""_blank"" style=""text-decoration:none"">lb</a> · <a href=""https://de.wikipedia.org/wiki/Saint-Jean-Baptiste_(Hostert)"" target=""_blank"" style=""text-decoration:none"">de</a></div>","<a href='https://upload.wikimedia.org/wikipedia/commons/a/a4/Kirche_Hostert_%28Niederanven%29_01.jpg' target='_blank' rel='noopener noreferrer'><img src='https://upload.wikimedia.org/wikipedia/commons/a/a4/Kirche_Hostert_%28Niederanven%29_01.jpg' style='width:100%;display:block'></a><div style='color:#666;font-size:0.8em'><a href=""https://commons.wikimedia.org/wiki/File:Kirche_Hostert_(Niederanven)_01.jpg"">MMFE</a>, <a href=""https://creativecommons.org/licenses/by-sa/3.0"">CC BY-SA 3.0</a>, via Wikimedia Commons (2013)</div><br>","<a href='https://upload.wikimedia.org/wikipedia/commons/7/76/Kirche_Hostert_%28Niederanven%29_02.jpg' target='_blank' rel='noopener noreferrer'><img src='https://upload.wikimedia.org/wikipedia/commons/7/76/Kirche_Hostert_%28Niederanven%29_02.jpg' style='width:100%;display:block'></a><div style='color:#666;font-size:0.8em'><a href=""https://commons.wikimedia.org/wiki/File:Kirche_Hostert_(Niederanven)_02.jpg"">MMFE</a>, <a href=""https://creativecommons.org/licenses/by-sa/3.0"">CC BY-SA 3.0</a>, via Wikimedia Commons (2013)</div><br>","<a href='https://upload.wikimedia.org/wikipedia/commons/2/22/Kirche_Hostert_%28Niederanven%29_03.jpg' target='_blank' rel='noopener noreferrer'><img src='https://upload.wikimedia.org/wikipedia/commons/2/22/Kirche_Hostert_%28Niederanven%29_03.jpg' style='width:100%;display:block'></a><div style='color:#666;font-size:0.8em'><a href=""https://commons.wikimedia.org/wiki/File:Kirche_Hostert_(Niederanven)_03.jpg"">MMFE</a>, <a href=""https://creativecommons.org/licenses/by-sa/3.0"">CC BY-SA 3.0</a>, via Wikimedia Commons (2013)</div><br>",,,,church,
108310700,Benediktinerabtei,,religious,religious,50.057175,6.022163,Clervaux,Clervaux,https://www.openstreetmap.org/way/108310700,https://www.google.com/maps?q=50.0571751 6.0221631,"<div style=""font-size:1em"">Wikipedia: <a href=""https://lb.wikipedia.org/wiki/Benediktinerabtei_Klierf"" target=""_blank"" style=""text-decoration:none"">lb</a> · <a href=""https://de.wikipedia.org/wiki/Benediktinerabtei_Clerf"" target=""_blank"" style=""text-decoration:none"">de</a> · <a href=""https://fr.wikipedia.org/wiki/Abbaye_Saint-Maurice-et-Saint-Maur"" target=""_blank"" style=""text-decoration:none"">fr</a> · <a href=""https://en.wikipedia.org/wiki/Clervaux_Abbey"" target=""_blank"" style=""text-decoration:none"">en</a></div>","<a href='https://upload.wikimedia.org/wikipedia/commons/8/8c/Abbaye_de_Clervaux_02.jpg' target='_blank' rel='noopener noreferrer'><img src='https://upload.wikimedia.org/wikipedia/commons/8/8c/Abbaye_de_Clervaux_02.jpg' style='width:100%;display:block'></a><div style='color:#666;font-size:0.8em'><a href=""https://commons.wikimedia.org/wiki/File:Abbaye_de_Clervaux_02.jpg"">MMFE</a>, <a href=""https://creativecommons.org/licenses/by-sa/3.0"">CC BY-SA 3.0</a>, via Wikimedia Commons (2014)</div><br>","<a href='https://upload.wikimedia.org/wikipedia/commons/9/96/Sts_Maurice_%26_Maurus_abbey_in_Clervaux_%285%29.jpg' target='_blank' rel='noopener noreferrer'><img src='https://upload.wikimedia.org/wikipedia/commons/9/96/Sts_Maurice_%26_Maurus_abbey_in_Clervaux_%285%29.jpg' style='width:100%;display:block'></a><div style='color:#666;font-size:0.8em'><a href=""https://commons.wikimedia.org/wiki/File:Sts_Maurice_%26_Maurus_abbey_in_Clervaux_(5).jpg"">Tournasol7</a>, <a href=""https://creativecommons.org/licenses/by/4.0"">CC BY 4.0</a>, via Wikimedia Commons (2019)</div><br>","<a href='https://upload.wikimedia.org/wikipedia/commons/0/09/Klierfer_Abteikierch_Altor.jpg' target='_blank' rel='noopener noreferrer'><img src='https://upload.wikimedia.org/wikipedia/commons/0/09/Klierfer_Abteikierch_Altor.jpg' style='width:100%;display:block'></a><div style='color:#666;font-size:0.8em'><a href=""https://commons.wikimedia.org/wiki/File:Klierfer_Abteikierch_Altor.jpg"">Sultan Edijingo</a>, <a href=""https://creativecommons.org/licenses/by-sa/4.0"">CC BY-SA 4.0</a>, via Wikimedia Commons (2017)</div><br>","<a href='https://upload.wikimedia.org/wikipedia/commons/1/14/Klierfer_Abteikierch_lenke_Saitenaltor.jpg' target='_blank' rel='noopener noreferrer'><img src='https://upload.wikimedia.org/wikipedia/commons/1/14/Klierfer_Abteikierch_lenke_Saitenaltor.jpg' style='width:100%;display:block'></a><div style='color:#666;font-size:0.8em'><a href=""https://commons.wikimedia.org/wiki/File:Klierfer_Abteikierch_lenke_Saitenaltor.jpg"">Sultan Edijingo</a>, <a href=""https://creativecommons.org/licenses/by-sa/4.0"">CC BY-SA 4.0</a>, via Wikimedia Commons (2017)</div><br>",,,monastery,
118012882,Assomption de la Bienheureuse-Vierge-Marie,,religious,religious,49.649166,6.246108,Niederanven,Senningen,https://www.openstreetmap.org/way/118012882,https://www.google.com/maps?q=49.6491661 6.2461082,"<div style=""font-size:1em"">Wikipedia: <a href=""https://lb.wikipedia.org/wiki/Kierch_Nidderaanwen"" target=""_blank"" style=""text-decoration:none"">lb</a> · <a href=""https://de.wikipedia.org/wiki/Kirche_Mari%C3%A4_Himmelfahrt_(Niederanven)"" target=""_blank"" style=""text-decoration:none"">de</a> · <a href=""https://fr.wikipedia.org/wiki/%C3%89glise_de_l%27Assomption-de-la-Bienheureuse-Vierge-Marie_de_Niederanven"" target=""_blank"" style=""text-decoration:none"">fr</a></div>","<a href='https://upload.wikimedia.org/wikipedia/commons/2/2b/Kirche_Niederanven_01.jpg' target='_blank' rel='noopener noreferrer'><img src='https://upload.wikimedia.org/wikipedia/commons/2/2b/Kirche_Niederanven_01.jpg' style='width:100%;display:block'></a><div style='color:#666;font-size:0.8em'><a href=""https://commons.wikimedia.org/wiki/File:Kirche_Niederanven_01.jpg"">MMFE</a>, <a href=""https://creativecommons.org/licenses/by-sa/3.0"">CC BY-SA 3.0</a>, via Wikimedia Commons (2012)</div><br>","<a href='https://upload.wikimedia.org/wikipedia/commons/1/15/KieChouNid1.JPG' target='_blank' rel='noopener noreferrer'><img src='https://upload.wikimedia.org/wikipedia/commons/1/15/KieChouNid1.JPG' style='width:100%;display:block'></a><div style='color:#666;font-size:0.8em'><a href=""https://commons.wikimedia.org/wiki/File:KieChouNid1.JPG"">Johnny Chicago at lb.wikipedia</a>, <a href=""http://creativecommons.org/licenses/by-sa/3.0/"">CC BY-SA 3.0</a>, via Wikimedia Commons (2005)</div><br>",,,,,church,
648860110,Al Synagog Ettelbréck,,religious,religious,49.847804,6.098048,Ettelbruck,Ettelbruck,https://www.openstreetmap.org/way/648860110,https://www.google.com/maps?q=49.8478037 6.0980481,"<div style=""font-size:1em"">Wikipedia: <a href=""https://lb.wikipedia.org/wiki/Synagog_Ettelbr%C3%A9ck"" target=""_blank"" style=""text-decoration:none"">lb</a></div>","<a href='https://upload.wikimedia.org/wikipedia/commons/c/ca/Synagoge_Ettelbruck_01.jpg' target='_blank' rel='noopener noreferrer'><img src='https://upload.wikimedia.org/wikipedia/commons/c/ca/Synagoge_Ettelbruck_01.jpg' style='width:100%;display:block'></a><div style='color:#666;font-size:0.8em'><a href=""https://commons.wikimedia.org/wiki/File:Synagoge_Ettelbruck_01.jpg"">MMFE</a>, <a href=""https://creativecommons.org/licenses/by-sa/4.0"">CC BY-SA 4.0</a>, via Wikimedia Commons (2015)</div><br>",,,,,,synagogue,
1271818178,(Rue de Colmar),,religious,religious,49.789436,6.063887,Bissen,Bissen,https://www.openstreetmap.org/way/1271818178,https://www.google.com/maps?q=49.7894359 6.063887,,"<a href='https://upload.wikimedia.org/wikipedia/commons/5/55/Wegkapelle_Bissen%2C_route_de_Colmar_-_rue_de_la_Chapelle_01.jpg' target='_blank' rel='noopener noreferrer'><img src='https://upload.wikimedia.org/wikipedia/commons/5/55/Wegkapelle_Bissen%2C_route_de_Colmar_-_rue_de_la_Chapelle_01.jpg' style='width:100%;display:block'></a><div style='color:#666;font-size:0.8em'><a href=""https://commons.wikimedia.org/wiki/File:Wegkapelle_Bissen,_route_de_Colmar_-_rue_de_la_Chapelle_01.jpg"">MMFE</a>, <a href=""https://creativecommons.org/licenses/by-sa/3.0"">CC BY-SA 3.0</a>, via Wikimedia Commons (2015)</div><br>","<a href='https://upload.wikimedia.org/wikipedia/commons/b/b5/Wegkapelle_Bissen%2C_route_de_Colmar_-_rue_de_la_Chapelle_02.jpg' target='_blank' rel='noopener noreferrer'><img src='https://upload.wikimedia.org/wikipedia/commons/b/b5/Wegkapelle_Bissen%2C_route_de_Colmar_-_rue_de_la_Chapelle_02.jpg' style='width:100%;display:block'></a><div style='color:#666;font-size:0.8em'><a href=""https://commons.wikimedia.org/wiki/File:Wegkapelle_Bissen,_route_de_Colmar_-_rue_de_la_Chapelle_02.jpg"">MMFE</a>, <a href=""https://creativecommons.org/licenses/by-sa/3.0"">CC BY-SA 3.0</a>, via Wikimedia Commons (2015)</div><br>",,,,,wayside_chapel,
4881799315,(Rue du château),,religious,religious,49.76965,6.109132,Mersch,Pettingen,https://www.openstreetmap.org/node/4881799315,https://www.google.com/maps?q=49.7696496 6.1091324,,"<a href='https://upload.wikimedia.org/wikipedia/commons/c/ca/12%2C_rue_de_Ch%C3%A2teau%2C_Pettingen%2C_Wayside_chapel_2023-04_---3.jpg' target='_blank' rel='noopener noreferrer'><img src='https://upload.wikimedia.org/wikipedia/commons/c/ca/12%2C_rue_de_Ch%C3%A2teau%2C_Pettingen%2C_Wayside_chapel_2023-04_---3.jpg' style='width:100%;display:block'></a><div style='color:#666;font-size:0.8em'><a href=""https://commons.wikimedia.org/wiki/File:12,_rue_de_Ch%C3%A2teau,_Pettingen,_Wayside_chapel_2023-04_---3.jpg"">Zinneke</a>, <a href=""https://creativecommons.org/licenses/by-sa/4.0"">CC BY-SA 4.0</a>, via Wikimedia Commons (2024)</div><br>","<a href='https://upload.wikimedia.org/wikipedia/commons/2/23/12%2C_rue_de_Ch%C3%A2teau%2C_Pettingen%2C_Wayside_chapel_2023-04_---1.jpg' target='_blank' rel='noopener noreferrer'><img src='https://upload.wikimedia.org/wikipedia/commons/2/23/12%2C_rue_de_Ch%C3%A2teau%2C_Pettingen%2C_Wayside_chapel_2023-04_---1.jpg' style='width:100%;display:block'></a><div style='color:#666;font-size:0.8em'><a href=""https://commons.wikimedia.org/wiki/File:12,_rue_de_Ch%C3%A2teau,_Pettingen,_Wayside_chapel_2023-04_---1.jpg"">Zinneke</a>, <a href=""https://creativecommons.org/licenses/by-sa/4.0"">CC BY-SA 4.0</a>, via Wikimedia Commons (2024)</div><br>",,,,,wayside_chapel,
4881627273,(Rue Nicolas Welter),,religious,religious,49.742161,6.095083,Mersch,Mersch,https://www.openstreetmap.org/node/4881627273,https://www.google.com/maps?q=49.7421609 6.0950833,,"<a href='https://upload.wikimedia.org/wikipedia/commons/a/aa/Wegkapelle_Mersch_rue_Nicolas_Welter_-_rue_de_la_Chapelle_01.jpg' target='_blank' rel='noopener noreferrer'><img src='https://upload.wikimedia.org/wikipedia/commons/a/aa/Wegkapelle_Mersch_rue_Nicolas_Welter_-_rue_de_la_Chapelle_01.jpg' style='width:100%;display:block'></a><div style='color:#666;font-size:0.8em'><a href=""https://commons.wikimedia.org/wiki/File:Wegkapelle_Mersch_rue_Nicolas_Welter_-_rue_de_la_Chapelle_01.jpg"">MMFE</a>, <a href=""https://creativecommons.org/licenses/by-sa/4.0"">CC BY-SA 4.0</a>, via Wikimedia Commons (2016)</div><br>","<a href='https://upload.wikimedia.org/wikipedia/commons/e/ec/Wegkapelle_Mersch_rue_Nicolas_Welter_-_rue_de_la_Chapelle_02.jpg' target='_blank' rel='noopener noreferrer'><img src='https://upload.wikimedia.org/wikipedia/commons/e/ec/Wegkapelle_Mersch_rue_Nicolas_Welter_-_rue_de_la_Chapelle_02.jpg' style='width:100%;display:block'></a><div style='color:#666;font-size:0.8em'><a href=""https://commons.wikimedia.org/wiki/File:Wegkapelle_Mersch_rue_Nicolas_Welter_-_rue_de_la_Chapelle_02.jpg"">MMFE</a>, <a href=""https://creativecommons.org/licenses/by-sa/4.0"">CC BY-SA 4.0</a>, via Wikimedia Commons (2014)</div><br>",,,,,wayside_chapel,
4484061463,Regina Pacis,,religious,religious,49.610298,6.043248,Bertrange,Bertrange,https://www.openstreetmap.org/node/4484061463,https://www.google.com/maps?q=49.6102976 6.0432482,,"<a href='https://upload.wikimedia.org/wikipedia/commons/8/80/Weekapell_Bartreng_rue_Petrusse_c.jpg' target='_blank' rel='noopener noreferrer'><img src='https://upload.wikimedia.org/wikipedia/commons/8/80/Weekapell_Bartreng_rue_Petrusse_c.jpg' style='width:100%;display:block'></a><div style='color:#666;font-size:0.8em'><a href=""https://commons.wikimedia.org/wiki/File:Weekapell_Bartreng_rue_Petrusse_c.jpg"">Sultan Edijingo</a>, <a href=""https://creativecommons.org/licenses/by-sa/4.0"">CC BY-SA 4.0</a>, via Wikimedia Commons (2020)</div><br>","<a href='https://upload.wikimedia.org/wikipedia/commons/8/8b/Weekapell_Bartreng_rue_Petrusse_a.jpg' target='_blank' rel='noopener noreferrer'><img src='https://upload.wikimedia.org/wikipedia/commons/8/8b/Weekapell_Bartreng_rue_Petrusse_a.jpg' style='width:100%;display:block'></a><div style='color:#666;font-size:0.8em'><a href=""https://commons.wikimedia.org/wiki/File:Weekapell_Bartreng_rue_Petrusse_a.jpg"">Sultan Edijingo</a>, <a href=""https://creativecommons.org/licenses/by-sa/4.0"">CC BY-SA 4.0</a>, via Wikimedia Commons (2020)</div><br>",,,,,wayside_chapel,
1392092528,Wayside cross anno 1864,,religious,religious,49.554349,6.314603,Bous-Waldbredimus,Assel,https://www.openstreetmap.org/node/1392092528,https://www.google.com/maps?q=49.5543491 6.3146031,,"<a href='https://upload.wikimedia.org/wikipedia/commons/4/43/Kapellchen_Aassel.jpg' target='_blank' rel='noopener noreferrer'><img src='https://upload.wikimedia.org/wikipedia/commons/4/43/Kapellchen_Aassel.jpg' style='width:100%;display:block'></a><div style='color:#666;font-size:0.8em'><a href=""https://commons.wikimedia.org/wiki/File:Kapellchen_Aassel.jpg"">Jwh</a>, <a href=""https://creativecommons.org/licenses/by-sa/3.0/lu/deed.en"">CC BY-SA 3.0 LU</a>, via Wikimedia Commons (2006)</div><br>","<a href='https://upload.wikimedia.org/wikipedia/commons/5/59/Weekapell_Aassel12.JPG' target='_blank' rel='noopener noreferrer'><img src='https://upload.wikimedia.org/wikipedia/commons/5/59/Weekapell_Aassel12.JPG' style='width:100%;display:block'></a><div style='color:#666;font-size:0.8em'><a href=""https://commons.wikimedia.org/wiki/File:Weekapell_Aassel12.JPG"">The original uploader was Johnny Chicago at Luxembourgish Wikipedia.</a>, <a href=""http://creativecommons.org/licenses/by-sa/3.0/"">CC BY-SA 3.0</a>, via Wikimedia Commons (2006)</div><br>",,,,,wayside_chapel,
150476168,Weekapell Ellergronn - Cockeril,,religious,religious,49.474876,5.975984,Esch-sur-Alzette,Ellergronn,https://www.openstreetmap.org/way/150476168,https://www.google.com/maps?q=49.4748765 5.975984,,"<a href='https://upload.wikimedia.org/wikipedia/commons/c/c0/Wegkapelle_Esch-Alzette_Ellergronn_01.jpg' target='_blank' rel='noopener noreferrer'><img src='https://upload.wikimedia.org/wikipedia/commons/c/c0/Wegkapelle_Esch-Alzette_Ellergronn_01.jpg' style='width:100%;display:block'></a><div style='color:#666;font-size:0.8em'><a href=""https://commons.wikimedia.org/wiki/File:Wegkapelle_Esch-Alzette_Ellergronn_01.jpg"">MMFE</a>, <a href=""https://creativecommons.org/licenses/by-sa/3.0"">CC BY-SA 3.0</a>, via Wikimedia Commons (2013)</div><br>","<a href='https://upload.wikimedia.org/wikipedia/commons/6/61/Wegkapelle_Esch-Alzette_Ellergronn_02.jpg' target='_blank' rel='noopener noreferrer'><img src='https://upload.wikimedia.org/wikipedia/commons/6/61/Wegkapelle_Esch-Alzette_Ellergronn_02.jpg' style='width:100%;display:block'></a><div style='color:#666;font-size:0.8em'><a href=""https://commons.wikimedia.org/wiki/File:Wegkapelle_Esch-Alzette_Ellergronn_02.jpg"">MMFE</a>, <a href=""https://creativecommons.org/licenses/by-sa/3.0"">CC BY-SA 3.0</a>, via Wikimedia Commons (2013)</div><br>",,,,,wayside_chapel,
11556969508,,,religious,religious,49.611054,6.051346,Bertrange,Bertrange,https://www.openstreetmap.org/node/11556969508,https://www.google.com/maps?q=49.6110545 6.0513464,,"<a href='https://upload.wikimedia.org/wikipedia/commons/c/c3/Bertrange_1_rue_de_la_Fontaine_01.jpg' target='_blank' rel='noopener noreferrer'><img src='https://upload.wikimedia.org/wikipedia/commons/c/c3/Bertrange_1_rue_de_la_Fontaine_01.jpg' style='width:100%;display:block'></a><div style='color:#666;font-size:0.8em'><a href=""https://commons.wikimedia.org/wiki/File:Bertrange_1_rue_de_la_Fontaine_01.jpg"">MMFE</a>, <a href=""https://creativecommons.org/licenses/by-sa/4.0"">CC BY-SA 4.0</a>, via Wikimedia Commons (2023)</div><br>","<a href='https://upload.wikimedia.org/wikipedia/commons/c/c0/Wegkapelle_Bertrange_1_rue_de_la_Fontaine_01.jpg' target='_blank' rel='noopener noreferrer'><img src='https://upload.wikimedia.org/wikipedia/commons/c/c0/Wegkapelle_Bertrange_1_rue_de_la_Fontaine_01.jpg' style='width:100%;display:block'></a><div style='color:#666;font-size:0.8em'><a href=""https://commons.wikimedia.org/wiki/File:Wegkapelle_Bertrange_1_rue_de_la_Fontaine_01.jpg"">MMFE</a>, <a href=""https://creativecommons.org/licenses/by-sa/4.0"">CC BY-SA 4.0</a>, via Wikimedia Commons (2023)</div><br>",,,,,wayside_chapel,
886755837,,,religious,religious,49.909327,6.062332,Bourscheid,Bourscheid,https://www.openstreetmap.org/way/886755837,https://www.google.com/maps?q=49.9093272 6.0623316,,"<a href='https://upload.wikimedia.org/wikipedia/commons/7/7c/Buerschent_Kapell_Groussgaass.jpg' target='_blank' rel='noopener noreferrer'><img src='https://upload.wikimedia.org/wikipedia/commons/7/7c/Buerschent_Kapell_Groussgaass.jpg' style='width:100%;display:block'></a><div style='color:#666;font-size:0.8em'><a href=""https://commons.wikimedia.org/wiki/File:Buerschent_Kapell_Groussgaass.jpg"">Jwh</a>, <a href=""https://creativecommons.org/licenses/by-sa/3.0/lu/deed.en"">CC BY-SA 3.0 LU</a>, via Wikimedia Commons (2013)</div><br>",,,,,,wayside_chapel,
1359398943,,,religious,religious,49.6845,5.877817,Habscht,Eischen,https://www.openstreetmap.org/way/1359398943,https://www.google.com/maps?q=49.6844995 5.8778166,,"<a href='https://upload.wikimedia.org/wikipedia/commons/b/b5/Wegkreuz_und_Wegkapelle_Eischen_Grand-Rue_01.jpg' target='_blank' rel='noopener noreferrer'><img src='https://upload.wikimedia.org/wikipedia/commons/b/b5/Wegkreuz_und_Wegkapelle_Eischen_Grand-Rue_01.jpg' style='width:100%;display:block'></a><div style='color:#666;font-size:0.8em'><a href=""https://commons.wikimedia.org/wiki/File:Wegkreuz_und_Wegkapelle_Eischen_Grand-Rue_01.jpg"">MMFE</a>, <a href=""https://creativecommons.org/licenses/by-sa/3.0"">CC BY-SA 3.0</a>, via Wikimedia Commons (2014)</div><br>","<a href='https://upload.wikimedia.org/wikipedia/commons/7/71/Wegkreuz_und_Wegkapelle_Eischen_Grand-Rue_02.jpg' target='_blank' rel='noopener noreferrer'><img src='https://upload.wikimedia.org/wikipedia/commons/7/71/Wegkreuz_und_Wegkapelle_Eischen_Grand-Rue_02.jpg' style='width:100%;display:block'></a><div style='color:#666;font-size:0.8em'><a href=""https://commons.wikimedia.org/wiki/File:Wegkreuz_und_Wegkapelle_Eischen_Grand-Rue_02.jpg"">MMFE</a>, <a href=""https://creativecommons.org/licenses/by-sa/3.0"">CC BY-SA 3.0</a>, via Wikimedia Commons (2014)</div><br>",,,,,wayside_chapel,
11556987788,,,religious,religious,49.609027,6.048185,Bertrange,Bertrange,https://www.openstreetmap.org/node/11556987788,https://www.google.com/maps?q=49.6090272 6.0481852,,"<a href='https://upload.wikimedia.org/wikipedia/commons/1/16/Weekapell_Bartreng_3.jpg' target='_blank' rel='noopener noreferrer'><img src='https://upload.wikimedia.org/wikipedia/commons/1/16/Weekapell_Bartreng_3.jpg' style='width:100%;display:block'></a><div style='color:#666;font-size:0.8em'><a href=""https://commons.wikimedia.org/wiki/File:Weekapell_Bartreng_3.jpg"">Sultan Edijingo</a>, <a href=""https://creativecommons.org/licenses/by-sa/4.0"">CC BY-SA 4.0</a>, via Wikimedia Commons (2020)</div><br>","<a href='https://upload.wikimedia.org/wikipedia/commons/6/62/Weekapell_Bartreng_4.jpg' target='_blank' rel='noopener noreferrer'><img src='https://upload.wikimedia.org/wikipedia/commons/6/62/Weekapell_Bartreng_4.jpg' style='width:100%;display:block'></a><div style='color:#666;font-size:0.8em'><a href=""https://commons.wikimedia.org/wiki/File:Weekapell_Bartreng_4.jpg"">Sultan Edijingo</a>, <a href=""https://creativecommons.org/licenses/by-sa/4.0"">CC BY-SA 4.0</a>, via Wikimedia Commons (2020)</div><br>",,,,,wayside_chapel,
961901345,,,religious,religious,49.824837,6.353267,Berdorf,Berdorf,https://www.openstreetmap.org/way/961901345,https://www.google.com/maps?q=49.8248374 6.3532671,,"<a href='https://upload.wikimedia.org/wikipedia/commons/2/25/Wayside_cross_and_chapel_Berdorf_Hammhafferstrooss_2016-07.jpg' target='_blank' rel='noopener noreferrer'><img src='https://upload.wikimedia.org/wikipedia/commons/2/25/Wayside_cross_and_chapel_Berdorf_Hammhafferstrooss_2016-07.jpg' style='width:100%;display:block'></a><div style='color:#666;font-size:0.8em'><a href=""https://commons.wikimedia.org/wiki/File:Wayside_cross_and_chapel_Berdorf_Hammhafferstrooss_2016-07.jpg"">Zinneke</a>, <a href=""https://creativecommons.org/licenses/by-sa/3.0"">CC BY-SA 3.0</a>, via Wikimedia Commons (2016)</div><br>","<a href='https://upload.wikimedia.org/wikipedia/commons/b/b0/Wayside_chapel_Hammhafferstrooss_corner_Bierkelterstross.jpg' target='_blank' rel='noopener noreferrer'><img src='https://upload.wikimedia.org/wikipedia/commons/b/b0/Wayside_chapel_Hammhafferstrooss_corner_Bierkelterstross.jpg' style='width:100%;display:block'></a><div style='color:#666;font-size:0.8em'><a href=""https://commons.wikimedia.org/wiki/File:Wayside_chapel_Hammhafferstrooss_corner_Bierkelterstross.jpg"">Sultan Edijingo</a>, <a href=""https://creativecommons.org/licenses/by-sa/4.0"">CC BY-SA 4.0</a>, via Wikimedia Commons (2023)</div><br>",,,,,wayside_chapel,
4450707071,,,religious,religious,49.81925,6.346806,Berdorf,Berdorf,https://www.openstreetmap.org/node/4450707071,https://www.google.com/maps?q=49.81925 6.34680555555556,,"<a href='https://upload.wikimedia.org/wikipedia/commons/3/33/Wayside_chapel_Berdorf%2C_35%2C_Konsdreferstrooss_2019-08.jpg' target='_blank' rel='noopener noreferrer'><img src='https://upload.wikimedia.org/wikipedia/commons/3/33/Wayside_chapel_Berdorf%2C_35%2C_Konsdreferstrooss_2019-08.jpg' style='width:100%;display:block'></a><div style='color:#666;font-size:0.8em'><a href=""https://commons.wikimedia.org/wiki/File:Wayside_chapel_Berdorf,_35,_Konsdreferstrooss_2019-08.jpg"">Zinneke</a>, <a href=""https://creativecommons.org/licenses/by-sa/3.0"">CC BY-SA 3.0</a>, via Wikimedia Commons (2019)</div><br>","<a href='https://upload.wikimedia.org/wikipedia/commons/a/ab/Wayside_chapel%2C_35%2C_Konsdrefferstrooss_Berdorf.jpg' target='_blank' rel='noopener noreferrer'><img src='https://upload.wikimedia.org/wikipedia/commons/a/ab/Wayside_chapel%2C_35%2C_Konsdrefferstrooss_Berdorf.jpg' style='width:100%;display:block'></a><div style='color:#666;font-size:0.8em'><a href=""https://commons.wikimedia.org/wiki/File:Wayside_chapel,_35,_Konsdrefferstrooss_Berdorf.jpg"">Sultan Edijingo</a>, <a href=""https://creativecommons.org/licenses/by-sa/4.0"">CC BY-SA 4.0</a>, via Wikimedia Commons (2023)</div><br>",,,,,wayside_chapel,
1194056779,,,religious,religious,49.761147,6.156721,Fischbach,Angelsberg,https://www.openstreetmap.org/way/1194056779,https://www.google.com/maps?q=49.7611472 6.1567214,,"<a href='https://upload.wikimedia.org/wikipedia/commons/4/4b/Wegkapelle_Am_g%C3%A9ie_Wee_Angelsberg_01.jpg' target='_blank' rel='noopener noreferrer'><img src='https://upload.wikimedia.org/wikipedia/commons/4/4b/Wegkapelle_Am_g%C3%A9ie_Wee_Angelsberg_01.jpg' style='width:100%;display:block'></a><div style='color:#666;font-size:0.8em'><a href=""https://commons.wikimedia.org/wiki/File:Wegkapelle_Am_g%C3%A9ie_Wee_Angelsberg_01.jpg"">MMFE</a>, <a href=""https://creativecommons.org/licenses/by-sa/4.0"">CC BY-SA 4.0</a>, via Wikimedia Commons (2014)</div><br>","<a href='https://upload.wikimedia.org/wikipedia/commons/9/96/Wegkapelle_Am_g%C3%A9ie_Wee_Angelsberg_02.jpg' target='_blank' rel='noopener noreferrer'><img src='https://upload.wikimedia.org/wikipedia/commons/9/96/Wegkapelle_Am_g%C3%A9ie_Wee_Angelsberg_02.jpg' style='width:100%;display:block'></a><div style='color:#666;font-size:0.8em'><a href=""https://commons.wikimedia.org/wiki/File:Wegkapelle_Am_g%C3%A9ie_Wee_Angelsberg_02.jpg"">MMFE</a>, <a href=""https://creativecommons.org/licenses/by-sa/4.0"">CC BY-SA 4.0</a>, via Wikimedia Commons (2014)</div><br>",,,,,wayside_chapel,
4450707072,,,religious,religious,49.819412,6.346854,Berdorf,Berdorf,https://www.openstreetmap.org/node/4450707072,https://www.google.com/maps?q=49.8194115 6.3468542,,"<a href='https://upload.wikimedia.org/wikipedia/commons/4/4d/Wayside_chapel_Berdorf%2C_40%2C_Konsdreferstrooss_2019-07.jpg' target='_blank' rel='noopener noreferrer'><img src='https://upload.wikimedia.org/wikipedia/commons/4/4d/Wayside_chapel_Berdorf%2C_40%2C_Konsdreferstrooss_2019-07.jpg' style='width:100%;display:block'></a><div style='color:#666;font-size:0.8em'><a href=""https://commons.wikimedia.org/wiki/File:Wayside_chapel_Berdorf,_40,_Konsdreferstrooss_2019-07.jpg"">Zinneke</a>, <a href=""https://creativecommons.org/licenses/by-sa/3.0"">CC BY-SA 3.0</a>, via Wikimedia Commons (2019)</div><br>","<a href='https://upload.wikimedia.org/wikipedia/commons/7/7c/Wayside_chapel%2C_40%2C_Konsdrefferstrooss_in_Berdorf%2C_Luxembourg.jpg' target='_blank' rel='noopener noreferrer'><img src='https://upload.wikimedia.org/wikipedia/commons/7/7c/Wayside_chapel%2C_40%2C_Konsdrefferstrooss_in_Berdorf%2C_Luxembourg.jpg' style='width:100%;display:block'></a><div style='color:#666;font-size:0.8em'><a href=""https://commons.wikimedia.org/wiki/File:Wayside_chapel,_40,_Konsdrefferstrooss_in_Berdorf,_Luxembourg.jpg"">Sultan Edijingo</a>, <a href=""https://creativecommons.org/licenses/by-sa/4.0"">CC BY-SA 4.0</a>, via Wikimedia Commons (2023)</div><br>",,,,,wayside_chapel,
929799210,,,religious,religious,49.530054,6.353328,Schengen,Bech-Kleinmacher,https://www.openstreetmap.org/way/929799210,https://www.google.com/maps?q=49.5300541 6.3533281,,"<a href='https://upload.wikimedia.org/wikipedia/commons/4/4e/Weekapell%2C_Route_du_Vin_%28Bech-Kleinmacher%29-101.jpg' target='_blank' rel='noopener noreferrer'><img src='https://upload.wikimedia.org/wikipedia/commons/4/4e/Weekapell%2C_Route_du_Vin_%28Bech-Kleinmacher%29-101.jpg' style='width:100%;display:block'></a><div style='color:#666;font-size:0.8em'><a href=""https://commons.wikimedia.org/wiki/File:Weekapell,_Route_du_Vin_(Bech-Kleinmacher)-101.jpg"">Jwh at Wikipedia Luxembourg</a>, <a href=""https://creativecommons.org/licenses/by-sa/3.0/lu/deed.en"">CC BY-SA 3.0 LU</a>, via Wikimedia Commons (2015)</div><br>","<a href='https://upload.wikimedia.org/wikipedia/commons/b/be/Weekapell%2C_Route_du_Vin_%28Bech-Kleinmacher%29-103.jpg' target='_blank' rel='noopener noreferrer'><img src='https://upload.wikimedia.org/wikipedia/commons/b/be/Weekapell%2C_Route_du_Vin_%28Bech-Kleinmacher%29-103.jpg' style='width:100%;display:block'></a><div style='color:#666;font-size:0.8em'><a href=""https://commons.wikimedia.org/wiki/File:Weekapell,_Route_du_Vin_(Bech-Kleinmacher)-103.jpg"">Jwh at Wikipedia Luxembourg</a>, <a href=""https://creativecommons.org/licenses/by-sa/3.0/lu/deed.en"">CC BY-SA 3.0 LU</a>, via Wikimedia Commons (2015)</div><br>",,,,,wayside_chapel,
332295998,,,religious,religious,49.858244,5.830963,Rambrouch,Arsdorf,https://www.openstreetmap.org/way/332295998,https://www.google.com/maps?q=49.8582441 5.8309626,,"<a href='https://upload.wikimedia.org/wikipedia/commons/5/51/Weekapell_Bilschdref_2.jpg' target='_blank' rel='noopener noreferrer'><img src='https://upload.wikimedia.org/wikipedia/commons/5/51/Weekapell_Bilschdref_2.jpg' style='width:100%;display:block'></a><div style='color:#666;font-size:0.8em'><a href=""https://commons.wikimedia.org/wiki/File:Weekapell_Bilschdref_2.jpg"">Sultan Edijingo</a>, <a href=""https://creativecommons.org/licenses/by-sa/4.0"">CC BY-SA 4.0</a>, via Wikimedia Commons (2023)</div><br>","<a href='https://upload.wikimedia.org/wikipedia/commons/5/5f/Weekapell_Bilschdref_1.jpg' target='_blank' rel='noopener noreferrer'><img src='https://upload.wikimedia.org/wikipedia/commons/5/5f/Weekapell_Bilschdref_1.jpg' style='width:100%;display:block'></a><div style='color:#666;font-size:0.8em'><a href=""https://commons.wikimedia.org/wiki/File:Weekapell_Bilschdref_1.jpg"">Sultan Edijingo</a>, <a href=""https://creativecommons.org/licenses/by-sa/4.0"">CC BY-SA 4.0</a>, via Wikimedia Commons (2023)</div><br>",,,,,wayside_chapel,
1359398941,,,religious,religious,49.684338,5.873633,Habscht,Eischen,https://www.openstreetmap.org/way/1359398941,https://www.google.com/maps?q=49.6843382 5.8736328,,"<a href='https://upload.wikimedia.org/wikipedia/commons/5/52/Wegkapelle_und_Wegkreuz_Eischen_Grand-Rue_01.jpg' target='_blank' rel='noopener noreferrer'><img src='https://upload.wikimedia.org/wikipedia/commons/5/52/Wegkapelle_und_Wegkreuz_Eischen_Grand-Rue_01.jpg' style='width:100%;display:block'></a><div style='color:#666;font-size:0.8em'><a href=""https://commons.wikimedia.org/wiki/File:Wegkapelle_und_Wegkreuz_Eischen_Grand-Rue_01.jpg"">MMFE</a>, <a href=""https://creativecommons.org/licenses/by-sa/3.0"">CC BY-SA 3.0</a>, via Wikimedia Commons (2014)</div><br>","<a href='https://upload.wikimedia.org/wikipedia/commons/3/3f/Wegkapelle_und_Wegkreuz_Eischen_Grand-Rue_02.jpg' target='_blank' rel='noopener noreferrer'><img src='https://upload.wikimedia.org/wikipedia/commons/3/3f/Wegkapelle_und_Wegkreuz_Eischen_Grand-Rue_02.jpg' style='width:100%;display:block'></a><div style='color:#666;font-size:0.8em'><a href=""https://commons.wikimedia.org/wiki/File:Wegkapelle_und_Wegkreuz_Eischen_Grand-Rue_02.jpg"">MMFE</a>, <a href=""https://creativecommons.org/licenses/by-sa/3.0"">CC BY-SA 3.0</a>, via Wikimedia Commons (2014)</div><br>",,,,,wayside_chapel,
483074013,,,religious,religious,49.687202,5.87948,Habscht,Eischen,https://www.openstreetmap.org/way/483074013,https://www.google.com/maps?q=49.687202 5.8794804,,"<a href='https://upload.wikimedia.org/wikipedia/commons/6/6e/Wegkapelle_Eischen_rue_de_la_Gaichel_01.jpg' target='_blank' rel='noopener noreferrer'><img src='https://upload.wikimedia.org/wikipedia/commons/6/6e/Wegkapelle_Eischen_rue_de_la_Gaichel_01.jpg' style='width:100%;display:block'></a><div style='color:#666;font-size:0.8em'><a href=""https://commons.wikimedia.org/wiki/File:Wegkapelle_Eischen_rue_de_la_Gaichel_01.jpg"">MMFE</a>, <a href=""https://creativecommons.org/licenses/by-sa/3.0"">CC BY-SA 3.0</a>, via Wikimedia Commons (2013)</div><br>","<a href='https://upload.wikimedia.org/wikipedia/commons/3/36/Wegkapelle_Eischen_rue_de_la_Gaichel_02.jpg' target='_blank' rel='noopener noreferrer'><img src='https://upload.wikimedia.org/wikipedia/commons/3/36/Wegkapelle_Eischen_rue_de_la_Gaichel_02.jpg' style='width:100%;display:block'></a><div style='color:#666;font-size:0.8em'><a href=""https://commons.wikimedia.org/wiki/File:Wegkapelle_Eischen_rue_de_la_Gaichel_02.jpg"">MMFE</a>, <a href=""https://creativecommons.org/licenses/by-sa/3.0"">CC BY-SA 3.0</a>, via Wikimedia Commons (2013)</div><br>",,,,,wayside_chapel,
187244850,,,religious,religious,49.729872,6.303315,Junglinster,Beidweiler,https://www.openstreetmap.org/way/187244850,https://www.google.com/maps?q=49.7298722 6.3033154,,"<a href='https://upload.wikimedia.org/wikipedia/commons/7/70/Luxemb_Beidweiler_chapel_1925.jpg' target='_blank' rel='noopener noreferrer'><img src='https://upload.wikimedia.org/wikipedia/commons/7/70/Luxemb_Beidweiler_chapel_1925.jpg' style='width:100%;display:block'></a><div style='color:#666;font-size:0.8em'><a href=""https://commons.wikimedia.org/wiki/File:Luxemb_Beidweiler_chapel_1925.jpg"">Cayambe</a>, <a href=""https://creativecommons.org/licenses/by-sa/3.0"">CC BY-SA 3.0</a>, via Wikimedia Commons (2012)</div><br>","<a href='https://upload.wikimedia.org/wikipedia/commons/8/8e/Beidweiler_1925_chapel_piet%C3%A0.jpg' target='_blank' rel='noopener noreferrer'><img src='https://upload.wikimedia.org/wikipedia/commons/8/8e/Beidweiler_1925_chapel_piet%C3%A0.jpg' style='width:100%;display:block'></a><div style='color:#666;font-size:0.8em'><a href=""https://commons.wikimedia.org/wiki/File:Beidweiler_1925_chapel_piet%C3%A0.jpg"">Cayambe</a>, <a href=""https://creativecommons.org/licenses/by-sa/3.0"">CC BY-SA 3.0</a>, via Wikimedia Commons (2012)</div><br>",,,,,wayside_chapel,
4458340002,,,religious,religious,49.817063,6.344775,Berdorf,Berdorf,https://www.openstreetmap.org/node/4458340002,https://www.google.com/maps?q=49.8170626 6.3447746,,"<a href='https://upload.wikimedia.org/wikipedia/commons/8/85/Wayside_chapel_Berdorf%2C_67%2C_Konsdreferstrooss_2019-09.jpg' target='_blank' rel='noopener noreferrer'><img src='https://upload.wikimedia.org/wikipedia/commons/8/85/Wayside_chapel_Berdorf%2C_67%2C_Konsdreferstrooss_2019-09.jpg' style='width:100%;display:block'></a><div style='color:#666;font-size:0.8em'><a href=""https://commons.wikimedia.org/wiki/File:Wayside_chapel_Berdorf,_67,_Konsdreferstrooss_2019-09.jpg"">Zinneke</a>, <a href=""https://creativecommons.org/licenses/by-sa/3.0"">CC BY-SA 3.0</a>, via Wikimedia Commons (2019)</div><br>",,,,,,wayside_chapel,
1287735923,,,religious,religious,49.72582,6.196166,Fischbach,Weyer,https://www.openstreetmap.org/way/1287735923,https://www.google.com/maps?q=49.7258205 6.1961655,,"<a href='https://upload.wikimedia.org/wikipedia/commons/8/8d/Wegkapelle_und_Wegkreuz_Weyer_01.jpg' target='_blank' rel='noopener noreferrer'><img src='https://upload.wikimedia.org/wikipedia/commons/8/8d/Wegkapelle_und_Wegkreuz_Weyer_01.jpg' style='width:100%;display:block'></a><div style='color:#666;font-size:0.8em'><a href=""https://commons.wikimedia.org/wiki/File:Wegkapelle_und_Wegkreuz_Weyer_01.jpg"">MMFE</a>, <a href=""https://creativecommons.org/licenses/by-sa/4.0"">CC BY-SA 4.0</a>, via Wikimedia Commons (2014)</div><br>","<a href='https://upload.wikimedia.org/wikipedia/commons/b/b2/Wegkapelle_und_Wegkreuz_Weyer_02.jpg' target='_blank' rel='noopener noreferrer'><img src='https://upload.wikimedia.org/wikipedia/commons/b/b2/Wegkapelle_und_Wegkreuz_Weyer_02.jpg' style='width:100%;display:block'></a><div style='color:#666;font-size:0.8em'><a href=""https://commons.wikimedia.org/wiki/File:Wegkapelle_und_Wegkreuz_Weyer_02.jpg"">MMFE</a>, <a href=""https://creativecommons.org/licenses/by-sa/4.0"">CC BY-SA 4.0</a>, via Wikimedia Commons (2014)</div><br>",,,,,wayside_chapel,
11556941225,,,religious,religious,49.613163,6.048161,Bertrange,Bertrange,https://www.openstreetmap.org/node/11556941225,https://www.google.com/maps?q=49.613163 6.0481607,,"<a href='https://upload.wikimedia.org/wikipedia/commons/a/a4/Weekapell_Bartreng_rue_de_Mamer_b.jpg' target='_blank' rel='noopener noreferrer'><img src='https://upload.wikimedia.org/wikipedia/commons/a/a4/Weekapell_Bartreng_rue_de_Mamer_b.jpg' style='width:100%;display:block'></a><div style='color:#666;font-size:0.8em'><a href=""https://commons.wikimedia.org/wiki/File:Weekapell_Bartreng_rue_de_Mamer_b.jpg"">Sultan Edijingo</a>, <a href=""https://creativecommons.org/licenses/by-sa/4.0"">CC BY-SA 4.0</a>, via Wikimedia Commons (2020)</div><br>","<a href='https://upload.wikimedia.org/wikipedia/commons/6/66/Weekapell_Bartreng_rue_de_Mamer_d.jpg' target='_blank' rel='noopener noreferrer'><img src='https://upload.wikimedia.org/wikipedia/commons/6/66/Weekapell_Bartreng_rue_de_Mamer_d.jpg' style='width:100%;display:block'></a><div style='color:#666;font-size:0.8em'><a href=""https://commons.wikimedia.org/wiki/File:Weekapell_Bartreng_rue_de_Mamer_d.jpg"">Sultan Edijingo</a>, <a href=""https://creativecommons.org/licenses/by-sa/4.0"">CC BY-SA 4.0</a>, via Wikimedia Commons (2020)</div><br>",,,,,wayside_chapel,
11564854888,,,religious,religious,49.533576,6.355065,Schengen,Bech-Kleinmacher,https://www.openstreetmap.org/node/11564854888,https://www.google.com/maps?q=49.5335758 6.3550647,,"<a href='https://upload.wikimedia.org/wikipedia/commons/b/bb/Weekapell%2C_17%2C_Route_du_Vin_%28Bech-Kleinmacher%29-101.jpg' target='_blank' rel='noopener noreferrer'><img src='https://upload.wikimedia.org/wikipedia/commons/b/bb/Weekapell%2C_17%2C_Route_du_Vin_%28Bech-Kleinmacher%29-101.jpg' style='width:100%;display:block'></a><div style='color:#666;font-size:0.8em'><a href=""https://commons.wikimedia.org/wiki/File:Weekapell,_17,_Route_du_Vin_(Bech-Kleinmacher)-101.jpg"">Jwh at Wikipedia Luxembourg</a>, <a href=""https://creativecommons.org/licenses/by-sa/3.0/lu/deed.en"">CC BY-SA 3.0 LU</a>, via Wikimedia Commons (2015)</div><br>","<a href='https://upload.wikimedia.org/wikipedia/commons/1/19/Weekapell%2C_17%2C_Route_du_Vin_%28Bech-Kleinmacher%29-103.jpg' target='_blank' rel='noopener noreferrer'><img src='https://upload.wikimedia.org/wikipedia/commons/1/19/Weekapell%2C_17%2C_Route_du_Vin_%28Bech-Kleinmacher%29-103.jpg' style='width:100%;display:block'></a><div style='color:#666;font-size:0.8em'><a href=""https://commons.wikimedia.org/wiki/File:Weekapell,_17,_Route_du_Vin_(Bech-Kleinmacher)-103.jpg"">Jwh at Wikipedia Luxembourg</a>, <a href=""https://creativecommons.org/licenses/by-sa/3.0/lu/deed.en"">CC BY-SA 3.0 LU</a>, via Wikimedia Commons (2015)</div><br>",,,,,wayside_chapel,
1759697714,,,religious,religious,49.533561,6.352994,Schengen,Bech-Kleinmacher,https://www.openstreetmap.org/node/1759697714,https://www.google.com/maps?q=49.5335609 6.3529944,,"<a href='https://upload.wikimedia.org/wikipedia/commons/c/c6/Weekapell%2C_Bechel%2C_Bech-Maacher-101.jpg' target='_blank' rel='noopener noreferrer'><img src='https://upload.wikimedia.org/wikipedia/commons/c/c6/Weekapell%2C_Bechel%2C_Bech-Maacher-101.jpg' style='width:100%;display:block'></a><div style='color:#666;font-size:0.8em'><a href=""https://commons.wikimedia.org/wiki/File:Weekapell,_Bechel,_Bech-Maacher-101.jpg"">Jwh at Wikipedia Luxembourg</a>, <a href=""https://creativecommons.org/licenses/by-sa/3.0/lu/deed.en"">CC BY-SA 3.0 LU</a>, via Wikimedia Commons (2015)</div><br>",,,,,,wayside_chapel,
755866313,,,religious,religious,49.886244,5.81064,Boulaide,Boulaide,https://www.openstreetmap.org/way/755866313,https://www.google.com/maps?q=49.886244 5.8106405,,"<a href='https://upload.wikimedia.org/wikipedia/commons/f/f3/Weekapell_%E2%80%9COp_der_Feels%E2%80%9D%2C_Bauschelt-101.jpg' target='_blank' rel='noopener noreferrer'><img src='https://upload.wikimedia.org/wikipedia/commons/f/f3/Weekapell_%E2%80%9COp_der_Feels%E2%80%9D%2C_Bauschelt-101.jpg' style='width:100%;display:block'></a><div style='color:#666;font-size:0.8em'><a href=""https://commons.wikimedia.org/wiki/File:Weekapell_%E2%80%9COp_der_Feels%E2%80%9D,_Bauschelt-101.jpg"">Jwh at Wikipedia Luxembourg</a>, <a href=""https://creativecommons.org/licenses/by-sa/3.0/lu/deed.en"">CC BY-SA 3.0 LU</a>, via Wikimedia Commons (2019)</div><br>","<a href='https://upload.wikimedia.org/wikipedia/commons/5/59/Weekapell_%E2%80%9COp_der_Feels%E2%80%9D%2C_Bauschelt-102.jpg' target='_blank' rel='noopener noreferrer'><img src='https://upload.wikimedia.org/wikipedia/commons/5/59/Weekapell_%E2%80%9COp_der_Feels%E2%80%9D%2C_Bauschelt-102.jpg' style='width:100%;display:block'></a><div style='color:#666;font-size:0.8em'><a href=""https://commons.wikimedia.org/wiki/File:Weekapell_%E2%80%9COp_der_Feels%E2%80%9D,_Bauschelt-102.jpg"">Jwh at Wikipedia Luxembourg</a>, <a href=""https://creativecommons.org/licenses/by-sa/3.0/lu/deed.en"">CC BY-SA 3.0 LU</a>, via Wikimedia Commons (2019)</div><br>",,,,,wayside_chapel,
1359398942,,,religious,religious,49.685386,5.879841,Habscht,Eischen,https://www.openstreetmap.org/way/1359398942,https://www.google.com/maps?q=49.6853856 5.8798409,,"<a href='https://upload.wikimedia.org/wikipedia/commons/f/f4/Wegkapelle_Eischen_Grand-Rue_01.jpg' target='_blank' rel='noopener noreferrer'><img src='https://upload.wikimedia.org/wikipedia/commons/f/f4/Wegkapelle_Eischen_Grand-Rue_01.jpg' style='width:100%;display:block'></a><div style='color:#666;font-size:0.8em'><a href=""https://commons.wikimedia.org/wiki/File:Wegkapelle_Eischen_Grand-Rue_01.jpg"">MMFE</a>, <a href=""https://creativecommons.org/licenses/by-sa/3.0"">CC BY-SA 3.0</a>, via Wikimedia Commons (2014)</div><br>","<a href='https://upload.wikimedia.org/wikipedia/commons/6/65/Wegkapelle_Eischen_Grand-Rue_02.jpg' target='_blank' rel='noopener noreferrer'><img src='https://upload.wikimedia.org/wikipedia/commons/6/65/Wegkapelle_Eischen_Grand-Rue_02.jpg' style='width:100%;display:block'></a><div style='color:#666;font-size:0.8em'><a href=""https://commons.wikimedia.org/wiki/File:Wegkapelle_Eischen_Grand-Rue_02.jpg"">MMFE</a>, <a href=""https://creativecommons.org/licenses/by-sa/3.0"">CC BY-SA 3.0</a>, via Wikimedia Commons (2014)</div><br>",,,,,wayside_chapel,
7836596010,"(104, rue de Fischbach)",,religious,religious,49.72086,6.124956,Lintgen,Lintgen,https://www.openstreetmap.org/node/7836596010,https://www.google.com/maps?q=49.7208603 6.1249565,,"<a href='https://upload.wikimedia.org/wikipedia/commons/1/18/Wegkreuz_Lintgen_104_rue_de_Fischbach_01.jpg' target='_blank' rel='noopener noreferrer'><img src='https://upload.wikimedia.org/wikipedia/commons/1/18/Wegkreuz_Lintgen_104_rue_de_Fischbach_01.jpg' style='width:100%;display:block'></a><div style='color:#666;font-size:0.8em'><a href=""https://commons.wikimedia.org/wiki/File:Wegkreuz_Lintgen_104_rue_de_Fischbach_01.jpg"">MMFE</a>, <a href=""https://creativecommons.org/licenses/by-sa/4.0"">CC BY-SA 4.0</a>, via Wikimedia Commons (2014)</div><br>","<a href='https://upload.wikimedia.org/wikipedia/commons/5/50/Wegkreuz_Lintgen_104_rue_de_Fischbach_02.jpg' target='_blank' rel='noopener noreferrer'><img src='https://upload.wikimedia.org/wikipedia/commons/5/50/Wegkreuz_Lintgen_104_rue_de_Fischbach_02.jpg' style='width:100%;display:block'></a><div style='color:#666;font-size:0.8em'><a href=""https://commons.wikimedia.org/wiki/File:Wegkreuz_Lintgen_104_rue_de_Fischbach_02.jpg"">MMFE</a>, <a href=""https://creativecommons.org/licenses/by-sa/4.0"">CC BY-SA 4.0</a>, via Wikimedia Commons (2014)</div><br>",,,,,wayside_cross,
7784552279,(Kräizung: rue d'Ettelbruck - rue de la Gare),,religious,religious,49.758157,6.114665,Mersch,Beringen,https://www.openstreetmap.org/node/7784552279,https://www.google.com/maps?q=49.7581566 6.1146652,,"<a href='https://upload.wikimedia.org/wikipedia/commons/0/01/Wegkapelle_Beringen%2C_rue_d%27Ettelbruck_01.jpg' target='_blank' rel='noopener noreferrer'><img src='https://upload.wikimedia.org/wikipedia/commons/0/01/Wegkapelle_Beringen%2C_rue_d%27Ettelbruck_01.jpg' style='width:100%;display:block'></a><div style='color:#666;font-size:0.8em'><a href=""https://commons.wikimedia.org/wiki/File:Wegkapelle_Beringen,_rue_d%27Ettelbruck_01.jpg"">MMFE</a>, <a href=""https://creativecommons.org/licenses/by-sa/3.0"">CC BY-SA 3.0</a>, via Wikimedia Commons (2014)</div><br>","<a href='https://upload.wikimedia.org/wikipedia/commons/6/6d/Wegkapelle_Beringen%2C_rue_d%27Ettelbruck_02.jpg' target='_blank' rel='noopener noreferrer'><img src='https://upload.wikimedia.org/wikipedia/commons/6/6d/Wegkapelle_Beringen%2C_rue_d%27Ettelbruck_02.jpg' style='width:100%;display:block'></a><div style='color:#666;font-size:0.8em'><a href=""https://commons.wikimedia.org/wiki/File:Wegkapelle_Beringen,_rue_d%27Ettelbruck_02.jpg"">MMFE</a>, <a href=""https://creativecommons.org/licenses/by-sa/3.0"">CC BY-SA 3.0</a>, via Wikimedia Commons (2014)</div><br>",,,,,wayside_cross,
1677385147,Biirgerkraiz,,religious,religious,49.67922,6.205591,Niederanven,Heisdorf,https://www.openstreetmap.org/node/1677385147,https://www.google.com/maps?q=49.6792199 6.2055908,"<div style=""font-size:1em"">Wikipedia: <a href=""https://lb.wikipedia.org/wiki/Biergerkr%C3%A4iz_(Gr%C3%A9ngewald)"" target=""_blank"" style=""text-decoration:none"">lb</a></div>","<a href='https://upload.wikimedia.org/wikipedia/commons/9/95/Heisdorf%2C_Gr%C3%BCnewald%2C_Biergerkr%C3%A4iz_%28102%29.jpg' target='_blank' rel='noopener noreferrer'><img src='https://upload.wikimedia.org/wikipedia/commons/9/95/Heisdorf%2C_Gr%C3%BCnewald%2C_Biergerkr%C3%A4iz_%28102%29.jpg' style='width:100%;display:block'></a><div style='color:#666;font-size:0.8em'><a href=""https://commons.wikimedia.org/wiki/File:Heisdorf,_Gr%C3%BCnewald,_Biergerkr%C3%A4iz_(102).jpg"">GilPe</a>, <a href=""https://creativecommons.org/licenses/by-sa/3.0"">CC BY-SA 3.0</a>, via Wikimedia Commons (2018)</div><br>","<a href='https://upload.wikimedia.org/wikipedia/commons/1/14/Heisdorf%2C_Gr%C3%BCnewald%2C_Biergerkr%C3%A4iz_%28101%29.jpg' target='_blank' rel='noopener noreferrer'><img src='https://upload.wikimedia.org/wikipedia/commons/1/14/Heisdorf%2C_Gr%C3%BCnewald%2C_Biergerkr%C3%A4iz_%28101%29.jpg' style='width:100%;display:block'></a><div style='color:#666;font-size:0.8em'><a href=""https://commons.wikimedia.org/wiki/File:Heisdorf,_Gr%C3%BCnewald,_Biergerkr%C3%A4iz_(101).jpg"">GilPe</a>, <a href=""https://creativecommons.org/licenses/by-sa/3.0"">CC BY-SA 3.0</a>, via Wikimedia Commons (2018)</div><br>",,,,,wayside_cross,
7674215531,Peschtkräiz zu Noumer,,religious,religious,49.79377,6.1734,Nommern,Nommern,https://www.openstreetmap.org/node/7674215531,https://www.google.com/maps?q=49.79377 6.1734004,,"<a href='https://upload.wikimedia.org/wikipedia/commons/0/08/Weekr%C3%A4iz%2C_25%2C_rue_Principale%2C_Noumer-101.jpg' target='_blank' rel='noopener noreferrer'><img src='https://upload.wikimedia.org/wikipedia/commons/0/08/Weekr%C3%A4iz%2C_25%2C_rue_Principale%2C_Noumer-101.jpg' style='width:100%;display:block'></a><div style='color:#666;font-size:0.8em'><a href=""https://commons.wikimedia.org/wiki/File:Weekr%C3%A4iz,_25,_rue_Principale,_Noumer-101.jpg"">Jwh at Wikipedia Luxembourg</a>, <a href=""https://creativecommons.org/licenses/by-sa/3.0/lu/deed.en"">CC BY-SA 3.0 LU</a>, via Wikimedia Commons (2019)</div><br>","<a href='https://upload.wikimedia.org/wikipedia/commons/4/48/Weekr%C3%A4iz%2C_25%2C_rue_Principale%2C_Noumer-102.jpg' target='_blank' rel='noopener noreferrer'><img src='https://upload.wikimedia.org/wikipedia/commons/4/48/Weekr%C3%A4iz%2C_25%2C_rue_Principale%2C_Noumer-102.jpg' style='width:100%;display:block'></a><div style='color:#666;font-size:0.8em'><a href=""https://commons.wikimedia.org/wiki/File:Weekr%C3%A4iz,_25,_rue_Principale,_Noumer-102.jpg"">Jwh at Wikipedia Luxembourg</a>, <a href=""https://creativecommons.org/licenses/by-sa/3.0/lu/deed.en"">CC BY-SA 3.0 LU</a>, via Wikimedia Commons (2019)</div><br>",,,,,wayside_cross,
7500302337,,,religious,religious,49.730282,5.883583,Beckerich,Beckerich,https://www.openstreetmap.org/node/7500302337,https://www.google.com/maps?q=49.7302819 5.8835826,,"<a href='https://upload.wikimedia.org/wikipedia/commons/a/ab/Wegkreuz_Beckerich_rue_de_Hovelange_-_Suebelwee_01.jpg' target='_blank' rel='noopener noreferrer'><img src='https://upload.wikimedia.org/wikipedia/commons/a/ab/Wegkreuz_Beckerich_rue_de_Hovelange_-_Suebelwee_01.jpg' style='width:100%;display:block'></a><div style='color:#666;font-size:0.8em'><a href=""https://commons.wikimedia.org/wiki/File:Wegkreuz_Beckerich_rue_de_Hovelange_-_Suebelwee_01.jpg"">MMFE</a>, <a href=""https://creativecommons.org/licenses/by-sa/4.0"">CC BY-SA 4.0</a>, via Wikimedia Commons (2014)</div><br>",,,,,,wayside_cross,
4826975563,,,religious,religious,50.161702,6.023012,Troisvierges,Huldange,https://www.openstreetmap.org/node/4826975563,https://www.google.com/maps?q=50.1617017 6.023012,,,,,,,,wayside_cross,
5936323042,,,religious,religious,49.753603,6.258993,Heffingen,Reuland,https://www.openstreetmap.org/node/5936323042,https://www.google.com/maps?q=49.7536028 6.2589927,,"<a href='https://upload.wikimedia.org/wikipedia/commons/c/cc/Wegkreuz_Reuland_Am_Duerf_01.jpg' target='_blank' rel='noopener noreferrer'><img src='https://upload.wikimedia.org/wikipedia/commons/c/cc/Wegkreuz_Reuland_Am_Duerf_01.jpg' style='width:100%;display:block'></a><div style='color:#666;font-size:0.8em'><a href=""https://commons.wikimedia.org/wiki/File:Wegkreuz_Reuland_Am_Duerf_01.jpg"">MMFE</a>, <a href=""https://creativecommons.org/licenses/by-sa/4.0"">CC BY-SA 4.0</a>, via Wikimedia Commons (2021)</div><br>",,,,,,wayside_cross,
